-- MySQL dump 10.13  Distrib 8.0.21, for Win64 (x86_64)
--
-- Host: localhost    Database: jbook
-- ------------------------------------------------------
-- Server version	8.0.21

/*!40101 SET @OLD_CHARACTER_SET_CLIENT=@@CHARACTER_SET_CLIENT */;
/*!40101 SET @OLD_CHARACTER_SET_RESULTS=@@CHARACTER_SET_RESULTS */;
/*!40101 SET @OLD_COLLATION_CONNECTION=@@COLLATION_CONNECTION */;
/*!50503 SET NAMES utf8 */;
/*!40103 SET @OLD_TIME_ZONE=@@TIME_ZONE */;
/*!40103 SET TIME_ZONE='+00:00' */;
/*!40014 SET @OLD_UNIQUE_CHECKS=@@UNIQUE_CHECKS, UNIQUE_CHECKS=0 */;
/*!40014 SET @OLD_FOREIGN_KEY_CHECKS=@@FOREIGN_KEY_CHECKS, FOREIGN_KEY_CHECKS=0 */;
/*!40101 SET @OLD_SQL_MODE=@@SQL_MODE, SQL_MODE='NO_AUTO_VALUE_ON_ZERO' */;
/*!40111 SET @OLD_SQL_NOTES=@@SQL_NOTES, SQL_NOTES=0 */;

--
-- Table structure for table `contractors`
--

DROP TABLE IF EXISTS `contractors`;
/*!40101 SET @saved_cs_client     = @@character_set_client */;
/*!50503 SET character_set_client = utf8mb4 */;
CREATE TABLE `contractors` (
  `id` bigint unsigned NOT NULL AUTO_INCREMENT,
  `name` varchar(255) CHARACTER SET utf8mb4 COLLATE utf8mb4_unicode_ci NOT NULL,
  `created_at` timestamp NULL DEFAULT NULL,
  `updated_at` timestamp NULL DEFAULT NULL,
  PRIMARY KEY (`id`)
) ENGINE=InnoDB AUTO_INCREMENT=256 DEFAULT CHARSET=utf8mb4 COLLATE=utf8mb4_unicode_ci;
/*!40101 SET character_set_client = @saved_cs_client */;

--
-- Dumping data for table `contractors`
--

LOCK TABLES `contractors` WRITE;
/*!40000 ALTER TABLE `contractors` DISABLE KEYS */;
INSERT INTO `contractors` VALUES (1,'A.W.T. SA',NULL,NULL),(2,'ABRIL MANZANO GILBERTO RENE',NULL,NULL),(3,'ABRUS INGENIERIA Y MEDIO AMBIENTE CIA. LTDA',NULL,NULL),(4,'ACCIONA INFRAESTRUCTURAS',NULL,NULL),(5,'ACTYON TUNEL ECUADOR CONSTRUCTORA ACTUEC',NULL,NULL),(6,'ADEMINSA DEL ECUADOR S.A',NULL,NULL),(7,'AINSA',NULL,NULL),(8,'ALPALA ORTEGA JULIO CESAR',NULL,NULL),(9,'AMELIA M SANCHEZ MOSQUERA',NULL,NULL),(10,'ANCARSCORP – CONSORCIO DE INSTALACIONES ELECTRICAS',NULL,NULL),(11,'ANDESA',NULL,NULL),(12,'ANDRADE VILLAVICENCIO LUIS VINICIO',NULL,NULL),(13,'ARCOIL CIA. LTDA',NULL,NULL),(14,'AREA VERDE',NULL,NULL),(15,'ARMATEK',NULL,NULL),(16,'AURUMENERGY',NULL,NULL),(17,'AVS  INGENIERIA',NULL,NULL),(18,'BIENALCORP',NULL,NULL),(19,'BJRRESCUE',NULL,NULL),(20,'BOMBARDIER',NULL,NULL),(21,'BUSTAMANTE SANTOS JORGE WASHINGTON',NULL,NULL),(22,'BYRON EDUARDO SALAZAR PERUGACHI',NULL,NULL),(23,'CANALA VINUEZA',NULL,NULL),(24,'CASTILLO LORA DANIEL ANIBAL',NULL,NULL),(25,'CASTRO Y CASTRO',NULL,NULL),(26,'CATOTA JAYA GLADYS GUADALUPE',NULL,NULL),(27,'CELI CONSTRUCCIONES-CELI ATALA ALFONSO MIGUEL',NULL,NULL),(28,'CERRAMIENTOS AMERICA',NULL,NULL),(29,'CHUQUIMARCA PEREZ ANA CONSUELO',NULL,NULL),(30,'CIMSA',NULL,NULL),(31,'CLEVER ECUADOR',NULL,NULL),(32,'COMPANIA CONSTRUCTORS INGENIERIA Y PROYECTOS',NULL,NULL),(33,'COMPANIA DE CARGA PESADA NACEXTRANS S.A.',NULL,NULL),(34,'COMPANIA DE CARGA PESADA TRANSPETAB S.A.',NULL,NULL),(35,'CONKRETA',NULL,NULL),(36,'CONSORCIO CELI MARPENSA',NULL,NULL),(37,'CONSORCIO EMINEC - ECUANOR',NULL,NULL),(38,'CONSORCIO INST ELECT',NULL,NULL),(39,'CONSORCIO LINEA 1 METRO DE QUITO ACCIONA',NULL,NULL),(40,'CONSORCIO MEN',NULL,NULL),(41,'CONSORCIO MOVATECO',NULL,NULL),(42,'CONSORCIO NOROCCIDENTAL ATLAS',NULL,NULL),(43,'CONSTRUCALLES VIAS Y MAQUINAS CIA. LTDA.',NULL,NULL),(44,'CONSTRUCCIONES Y GRUAS RQ',NULL,NULL),(45,'CONSTRUCTORA VASCONEZ PAREDES INGENIERIA Y CONSTRUCCIONES CIA. LTDA',NULL,NULL),(46,'CONSTRUCTORES WALTER TORRES',NULL,NULL),(47,'CONSULECUANOR',NULL,NULL),(48,'CUEVA VARGAS RICARDO ALEXANDER',NULL,NULL),(49,'CYMEL',NULL,NULL),(50,'DIAZ NIETO GONZALO SAMUEL',NULL,NULL),(51,'DICOMVISEK',NULL,NULL),(52,'DIGITEC S.A',NULL,NULL),(53,'DOOLCOSTA',NULL,NULL),(54,'ECUAEX S.A.',NULL,NULL),(55,'ECUAFERRALLAS & ENCOFRADOS CIA. LTDA.',NULL,NULL),(56,'ECUANOR',NULL,NULL),(57,'ECUATEST CIA LTDA',NULL,NULL),(58,'ECUHOUSE  S.A.',NULL,NULL),(59,'EDUARDO GUILLEN VALDIVIESO CONSULTORES CIA. LTDA',NULL,NULL),(60,'ELICROM CIA. LTDA.',NULL,NULL),(61,'ELQUIM',NULL,NULL),(62,'EMINEC',NULL,NULL),(63,'EMISING',NULL,NULL),(64,'EMPRESA PUBLICA METROPOLITANA METRO DE QUITO',NULL,NULL),(65,'ENERGIAS ALTERNATIVAS DE POTENCIA INGELPOWER',NULL,NULL),(66,'ENTERPOINT S.A.',NULL,NULL),(67,'ERSI',NULL,NULL),(68,'ESPINOSA ESTRELLA CECILIA AMPARO',NULL,NULL),(69,'EUROMAK S.A',NULL,NULL),(70,'EXAMPLE CONTRACTOR',NULL,NULL),(71,'EXCAVACIONES BONILLA PEÑA',NULL,NULL),(72,'FACILGLOBAL S.A.',NULL,NULL),(73,'FADEL',NULL,NULL),(74,'FAIQUITO',NULL,NULL),(75,'FICARDER',NULL,NULL),(76,'FISCALIZACION',NULL,NULL),(77,'FLORES BALDEON RAMON ALFONSO',NULL,NULL),(78,'FORTO',NULL,NULL),(79,'FREYSSINET',NULL,NULL),(80,'GABRIMMAQUINARIA CIA LTDA',NULL,NULL),(81,'GARCIA BATALLA JOSE ANTONIO',NULL,NULL),(82,'GARZON HEREDIA IVAN MARCELO',NULL,NULL),(83,'GEOECUATORIANA GEOFUNDACIONES DE ECUADOR S.A',NULL,NULL),(84,'GEOSISA',NULL,NULL),(85,'GEOSISA CONSULTORA DE GEOLOGIA SONDEOS ENGENIERIA Y SERVICIOS AUXILIARES CIA. LTDA',NULL,NULL),(86,'GEOVANA FERNÁNDEZ',NULL,NULL),(87,'GMQ - GERENCIA METRO QUITO',NULL,NULL),(88,'GRUAS CORSA',NULL,NULL),(89,'GRUASATLAS CIA. LTDA.',NULL,NULL),(90,'GRUENTEC CIA.LTDA',NULL,NULL),(91,'GRUPOMEGA',NULL,NULL),(92,'GRUPSA',NULL,NULL),(93,'GUACHILEMA CABEZAS WILSON HERIBERTO',NULL,NULL),(94,'GUZMAN ROMO JOSE MIGUEL',NULL,NULL),(95,'H+E LOGISTIK GmbH GMBH',NULL,NULL),(96,'HERRENKNECHT AG',NULL,NULL),(97,'HIDALGO GALARRAGA JOSE RUBEN',NULL,NULL),(98,'HIGGECO-HIDROGEOLOGIA GEOLIGIA GEOTECNICA',NULL,NULL),(99,'HIGHWAY TRUCK TRANSPORTE PESADO SA',NULL,NULL),(100,'HINOJOZA PUNINA JOSE ANTONIO',NULL,NULL),(101,'HOLCIM ECUADOR',NULL,NULL),(102,'HORMIGONERA EQUINOCCIAL EQUIHORMIGONERA CIA',NULL,NULL),(103,'HORMILITORAL CIA. LTDA.',NULL,NULL),(104,'IBERBAC',NULL,NULL),(105,'IDEAM S.A',NULL,NULL),(106,'IFCE CIMENTACIONES ECUADOR S.A.',NULL,NULL),(107,'IMECANIC S.A',NULL,NULL),(108,'IMETEK',NULL,NULL),(109,'IMP',NULL,NULL),(110,'IMT',NULL,NULL),(111,'INCOAYAN',NULL,NULL),(112,'INDUTORRES S.A.',NULL,NULL),(113,'INELME',NULL,NULL),(114,'INEXTEC CIA. LTDA.',NULL,NULL),(115,'INFRAMETEL',NULL,NULL),(116,'INGELPOWER',NULL,NULL),(117,'INGENIERIA ELECTRICA CANALA',NULL,NULL),(118,'INGENIERIA MARCO ANTONIO PENAHERRERA PALMA',NULL,NULL),(119,'INGENIERIA Y ARQUITECTURA PIRES GIOVANETTI GUARDIA PGG SA',NULL,NULL),(120,'INREDTEL CIA. LTDA',NULL,NULL),(121,'ISMAEL SANTAMARIA CONSTRUCCIONES CIA. LTDA.',NULL,NULL),(122,'ITEKSTRUCTURE',NULL,NULL),(123,'IZAJES',NULL,NULL),(124,'JARDIN BOTANICO - FUNDACION BOTANICA DE LOS ANDES',NULL,NULL),(125,'JARDINES TERRAGARDEN S.A.',NULL,NULL),(126,'JARRIN CARRERA CIA LTDA',NULL,NULL),(127,'JET GRUAS',NULL,NULL),(128,'JM',NULL,NULL),(129,'JOCE',NULL,NULL),(130,'JULIO LUCAS',NULL,NULL),(131,'JUMANTAGO SERVICIOS Y CONSTRUCCIONES S.A',NULL,NULL),(132,'KATZAM',NULL,NULL),(133,'KRANEC',NULL,NULL),(134,'KRANEMAQ S.A',NULL,NULL),(135,'KUBIEC',NULL,NULL),(136,'LEVAMAK',NULL,NULL),(137,'MAC',NULL,NULL),(138,'MAMUT ANDINO',NULL,NULL),(139,'MARIA PERALVO',NULL,NULL),(140,'MARTE INDUSTRIAS',NULL,NULL),(141,'MARTÍNEZ VITERI F',NULL,NULL),(142,'MAXILIFT S.A',NULL,NULL),(143,'MECANIZADO VALLEJO',NULL,NULL),(144,'MEGARENT',NULL,NULL),(145,'MIAMI RENTHAL',NULL,NULL),(146,'MIGUEL GUZMAN',NULL,NULL),(147,'MINI RODILLO COMPACTADOR',NULL,NULL),(148,'MINO DONOSO DANNY MARCELO',NULL,NULL),(149,'MONTENEGRO FIGUEROA CARLOS JULIO',NULL,NULL),(150,'MÜHLHÄUSER GmbH',NULL,NULL),(151,'NACEXTRANS',NULL,NULL),(152,'NILTRUMS S A',NULL,NULL),(153,'OMEGA',NULL,NULL),(154,'OSORIO DUQUE OSCAR ROBERTO',NULL,NULL),(155,'PABLO PARDO',NULL,NULL),(156,'PECKSAMBIENTE S.A',NULL,NULL),(157,'PENA ALDAS LUIS ERNESTO',NULL,NULL),(158,'PERALVO DE LOS ANGELES MARIA DEL ROCIO',NULL,NULL),(159,'PIL',NULL,NULL),(160,'PIPEQUIPMENT CONSTRUCCION & COMERCIO CIA. LTDA.',NULL,NULL),(161,'PPG CONSTRUCCIONES Y TECNOLOGIAS CIA. LTDA',NULL,NULL),(162,'PROANO REPRESENTACIONES S.A.',NULL,NULL),(163,'PROCESO SSO CONSULTORES EN SEG. LABORAL Y SALUD OCUPACIONAL',NULL,NULL),(164,'PRODINLAB ASOCIADOS',NULL,NULL),(165,'PRODINLAB PRODUCTOS INDUSTRIALES Y LABORATORIO S.A.',NULL,NULL),(166,'PROLOGISTIC',NULL,NULL),(167,'PROLOGISTIC PROVEEDORA DE SERVICIOS LOGISTICOS INTEGRALES S.A.',NULL,NULL),(168,'PROVESERVICIOS',NULL,NULL),(169,'PROVIAL',NULL,NULL),(170,'PROYECTOS MECANICOS',NULL,NULL),(171,'QUANTA SERVICE',NULL,NULL),(172,'QUANTECUA CIA',NULL,NULL),(173,'QUIMICA SUIZA INDUSTRIAL DEL ECUADOR QSI',NULL,NULL),(174,'QUISHPE ALMACHI LUIS RAMIRO',NULL,NULL),(175,'RENTECO RENTA DE EQUIPO PARA LA CONSTRUCCION S.A',NULL,NULL),(176,'RENTHAL',NULL,NULL),(177,'RESCONS S.A. ECUATORIANA DE SERVICIOS',NULL,NULL),(178,'RIEL TEC INSTALACIONES ELECTRICAS',NULL,NULL),(179,'RIPCONCIV CONSTRUCCIONES CIVILES CIA. LTDA.',NULL,NULL),(180,'ROMERAL',NULL,NULL),(181,'ROSA MORALES',NULL,NULL),(182,'RUIZ GONZALEZ JUAN CARLOS',NULL,NULL),(183,'SAFE WORK SEGURIDAD Y SALUD LABORAL CIA LTDA',NULL,NULL),(184,'SANI GRUPO S.C',NULL,NULL),(185,'SANIMOBEL',NULL,NULL),(186,'SANTAMARIA AMAN EDY ISMAEL',NULL,NULL),(187,'SANTAMARIA DARIO JAVIER',NULL,NULL),(188,'SARABIA COBO MARLENY FAVIOLA',NULL,NULL),(189,'SEAP',NULL,NULL),(190,'SEDEMI',NULL,NULL),(191,'SEDEMI SERVICIOS DE MECANICA INDUSTR1AL DISENO CONSTRUCCION Y MONTAJE S.C.C',NULL,NULL),(192,'SEGUNDO RAFAEL LISINTUNA SAGUANO',NULL,NULL),(193,'SEGUNDO ULPIANO AREVALO',NULL,NULL),(194,'SELI TECHNOLOGIES ECUADOR',NULL,NULL),(195,'SEPRIBE',NULL,NULL),(196,'SERVICIOS INTEGRALES DE TRANSPORTE Y GRUAS MORENO SITRANS',NULL,NULL),(197,'SIEMENS S.A.',NULL,NULL),(198,'SINDESECUADOR S.A',NULL,NULL),(199,'SISTEMAS Y SERVICIOS DE ANCLAJES Y PERFORACIONES SEAP CIA. LTDA.',NULL,NULL),(200,'SITRANSGRUM',NULL,NULL),(201,'TALLERES PARA MAQUINARIA INDUSTRIAL AGRICOLA S.A   ',NULL,NULL),(202,'TAPIA CALVOPINA JUAN EDUARDO',NULL,NULL),(203,'TAPIA LUIS GONZALO',NULL,NULL),(204,'TEC GYPSUM',NULL,NULL),(205,'TECFOOD SERVICIO DE ALIMENTACION S.A.',NULL,NULL),(206,'TECLIVEN S L',NULL,NULL),(207,'TECMECANIC',NULL,NULL),(208,'TECNI ENLUCIDOS',NULL,NULL),(209,'TECNILLANTA S.A.	',NULL,NULL),(210,'TELEFONICA INGENIERIA DE SEGURIDAD ECUADOR (TIS ECUADOR)',NULL,NULL),(211,'TELLO ZAPATA LUIS FAUSTO',NULL,NULL),(212,'TEMCO INSTALACIÓN',NULL,NULL),(213,'TERRIGENO GM SA.',NULL,NULL),(214,'THE BROTHERS',NULL,NULL),(215,'THYSSENKRUPP',NULL,NULL),(216,'TIPAN TIPANTIZA MARIA NATALIA',NULL,NULL),(217,'TITUANA TIGSE JORGE RODRIGO',NULL,NULL),(218,'TITUANA TIGSE MYRIAN JANNET',NULL,NULL),(219,'TITUANA TIGSE NESTOR OSWALDO',NULL,NULL),(220,'TOAPANTA NATO EDWIN FABIAN',NULL,NULL),(221,'TORRES TORRES JOSE ALCIVAR',NULL,NULL),(222,'TORRES TORRES WALTER NICANOR',NULL,NULL),(223,'TOSCANO MOLINA ALBA CUMANDA',NULL,NULL),(224,'TRANSATLAS CIA. LTDA.',NULL,NULL),(225,'TRANSCONCEM CIA',NULL,NULL),(226,'TRANSPETAB',NULL,NULL),(227,'TRANSPORTES ESTEFANOS BASTIDAS LIVNI',NULL,NULL),(228,'TRANSPORTES NOROCCIDENTAL CIA. LTDA',NULL,NULL),(229,'URBANICA',NULL,NULL),(230,'VACA PUGA PATRICIA MARISOL',NULL,NULL),(231,'VALLEJO GONZALEZ JUAN MARTIN',NULL,NULL),(232,'VASCONEZ PAREDES',NULL,NULL),(233,'VIASBULL FERROVIARIA S.A.',NULL,NULL),(234,'VICTOR BONILLA JIMENEZ',NULL,NULL),(235,'VICTOR MANUEL TITUANA TIGSE',NULL,NULL),(236,'VINUEZA E VINUEZA CONSTRUCCIONES',NULL,NULL),(237,'VYM CIA LTDA',NULL,NULL),(238,'YANEZ GARCES ORLYN JOHAN',NULL,NULL);
/*!40000 ALTER TABLE `contractors` ENABLE KEYS */;
UNLOCK TABLES;

--
-- Table structure for table `equipment`
--

DROP TABLE IF EXISTS `equipment`;
/*!40101 SET @saved_cs_client     = @@character_set_client */;
/*!50503 SET character_set_client = utf8mb4 */;
CREATE TABLE `equipment` (
  `id` bigint unsigned NOT NULL AUTO_INCREMENT,
  `name` varchar(255) CHARACTER SET utf8mb4 COLLATE utf8mb4_unicode_ci NOT NULL,
  `created_at` timestamp NULL DEFAULT NULL,
  `updated_at` timestamp NULL DEFAULT NULL,
  PRIMARY KEY (`id`)
) ENGINE=InnoDB AUTO_INCREMENT=256 DEFAULT CHARSET=utf8mb4 COLLATE=utf8mb4_unicode_ci;
/*!40101 SET character_set_client = @saved_cs_client */;

--
-- Dumping data for table `equipment`
--

LOCK TABLES `equipment` WRITE;
/*!40000 ALTER TABLE `equipment` DISABLE KEYS */;
INSERT INTO `equipment` VALUES (1,'AMBULANCIA',NULL,NULL),(2,'AMOLADORA',NULL,NULL),(3,'ANDAMIO',NULL,NULL),(4,'BAÑO PORTATIL',NULL,NULL),(5,'BARREDORA',NULL,NULL),(6,'BARREDORA DE CAJON',NULL,NULL),(7,'BOMBA CENTRIFUGA ',NULL,NULL),(8,'BOMBA DE AGUA',NULL,NULL),(9,'BOMBA DE CAUDAL',NULL,NULL),(10,'BOMBA DE HORMIGON ',NULL,NULL),(11,'BOMBA DE INYECCION',NULL,NULL),(12,'BOMBA DE INYECCION TECNIWELL',NULL,NULL),(13,'BOMBA DE POLIMERO',NULL,NULL),(14,'BOMBA DE PRESION ',NULL,NULL),(15,'BOMBA DE SUCCION TIPO LAPIZ',NULL,NULL),(16,'BOMBA INYECCION METAX',NULL,NULL),(17,'BOMBA MEZCLADORA',NULL,NULL),(18,'BOMBA NEUMATICA',NULL,NULL),(19,'BOMBA SUMERGIBLE',NULL,NULL),(20,'CAMION DE MANTENIMINTO',NULL,NULL),(21,'CAMION ELEVADOR EN RIELES',NULL,NULL),(22,'CAMION GRUA',NULL,NULL),(23,'CAMION HORMIGONERO-MIXER',NULL,NULL),(24,'CAMION PLATAFORMA CAMA ALTA',NULL,NULL),(25,'CAMION TANQUERO DE AGUA',NULL,NULL),(26,'CAMION TANQUERO DE COMBUSTIBLE',NULL,NULL),(27,'CAMION TRAILER',NULL,NULL),(28,'CARGADORA',NULL,NULL),(29,'CENTRALITA COMACCHIO',NULL,NULL),(30,'CIMBRA PARA ENCOFRADO',NULL,NULL),(31,'CINTA TRANSPORTADORA DE TUNEL',NULL,NULL),(32,'COMPACTADOR / RODILLO',NULL,NULL),(33,'COMPRESOR',NULL,NULL),(34,'COMPRESOR DE AIRE',NULL,NULL),(35,'CONCRETERA',NULL,NULL),(36,'CONTENEDOR OFICINA',NULL,NULL),(37,'CONTENEDOR TALLER',NULL,NULL),(38,'CONTENEDOR VESTIDOR',NULL,NULL),(39,'CORTADORA DE ASFALTO',NULL,NULL),(40,'CORTADORA DE HORMIGON',NULL,NULL),(41,'DEPOSITO CATCH TANK',NULL,NULL),(42,'DEPOSITO DE AGUA',NULL,NULL),(43,'DEPOSITO FAST TANK',NULL,NULL),(44,'DESBROZADORA MANUAL  CORTADORA DE CÉSPED',NULL,NULL),(45,'ELEVADOR ARTICULADO ',NULL,NULL),(46,'ELEVADOR ELECTRICO',NULL,NULL),(47,'ELEVADOR TRUCK SOBRE RIELES',NULL,NULL),(48,'ELEVADOR TRUCK SOBRE RUEDAS',NULL,NULL),(49,'EQUIPO DE OXICORTE',NULL,NULL),(50,'EQUIPO MENOR',NULL,NULL),(51,'ESTACION TOTAL',NULL,NULL),(52,'EXCAVADORA',NULL,NULL),(53,'GENERADOR',NULL,NULL),(54,'GENERADORES DE VAPOR',NULL,NULL),(55,'GRUA MOVIL SOBRE ORUGAS',NULL,NULL),(56,'GRUA TELESCOPICA SOBRE NEUMATICOS',NULL,NULL),(57,'GRUA TORRE SOBRE VIA',NULL,NULL),(58,'GRUPO DE SUELDA',NULL,NULL),(59,'HERRAMIENTAS MANUALES',NULL,NULL),(60,'HIDROLAVADORA',NULL,NULL),(61,'JUEGO DE VARILLAJE',NULL,NULL),(62,'LUMINARIA TIPO JIRAFA',NULL,NULL),(63,'MANLIFT ELEVADOR GIRATORIO',NULL,NULL),(64,'MAQUINILLOS',NULL,NULL),(65,'MARTILLO NEUMATICO',NULL,NULL),(66,'MARTILLOS HIDRAULICOS ACOPLABLES',NULL,NULL),(67,'MEZCLADORA TECNIWELL',NULL,NULL),(68,'MICROPILOTEADORA',NULL,NULL),(69,'MINICARGADOR ',NULL,NULL),(70,'MINIDUMPER',NULL,NULL),(71,'MINIEXCAVADORA',NULL,NULL),(72,'MIXER',NULL,NULL),(73,'MOLADORA',NULL,NULL),(74,'MONTACARGAS',NULL,NULL),(75,'MOTONIVELADORA',NULL,NULL),(76,'MOTOSOLDADORA',NULL,NULL),(77,'MULTICAR',NULL,NULL),(78,'PALLET JACK MANUAL',NULL,NULL),(79,'PERFORADORA / DRILL',NULL,NULL),(80,'PERFORADORA COMACCHIO 1200',NULL,NULL),(81,'PERFORADORA COMACCHIO 1500',NULL,NULL),(82,'PERFORADORA COMACCHIO 800',NULL,NULL),(83,'PERFORADORA COMACCHIO CM S12',NULL,NULL),(84,'PERFORADORA SACA NUCLEOS HUSQVARNA',NULL,NULL),(85,'PILOTEADORA HIDRAULICA',NULL,NULL),(86,'PISTOLETE ROMPEDOR',NULL,NULL),(87,'PLANTA AGITADORA TECNIWELL',NULL,NULL),(88,'PLANTA BICOMPONENTE TBM',NULL,NULL),(89,'PLANTA DE CAL',NULL,NULL),(90,'PLANTA DE DOVELAS',NULL,NULL),(91,'PLANTA DE HORMIGON',NULL,NULL),(92,'PLANTA DE MEZCLADO MATMIXER',NULL,NULL),(93,'PLANTA MEZCLADORA MATMIXER',NULL,NULL),(94,'POLIPASTO',NULL,NULL),(95,'PORTICO SOBRE VIA',NULL,NULL),(96,'PROYECTADORA',NULL,NULL),(97,'PUENTE GRÚA',NULL,NULL),(98,'PUENTE GRÚA Y MAQUINILLOS',NULL,NULL),(99,'PUNTALES',NULL,NULL),(100,'RETROEXCAVADORA',NULL,NULL),(101,'RODILLO',NULL,NULL),(102,'RODILLO DOBLE TAMBOR',NULL,NULL),(103,'RODILLO DOBLE TAMBOR MANUAL',NULL,NULL),(104,'RODILLO NEUMÁTICO',NULL,NULL),(105,'SIERRA CIRCULAR',NULL,NULL),(106,'SILOS',NULL,NULL),(107,'TABLERO ELECTRICO',NULL,NULL),(108,'TALADRO',NULL,NULL),(109,'TALADRO PERCUTOR HILTI',NULL,NULL),(110,'TALADRO PERFORADOR',NULL,NULL),(111,'TANQUERO DE AGUA',NULL,NULL),(112,'TANQUERO DE IMPREGNACIÓN DE BREA',NULL,NULL),(113,'TERMINADORA DE ASFALTO',NULL,NULL),(114,'TORRE DE ILUMINACION',NULL,NULL),(115,'TRACTOR',NULL,NULL),(116,'TRACTOR AGRICOLA',NULL,NULL),(117,'TRANSPALETA',NULL,NULL),(118,'TUNELADORA TBM',NULL,NULL),(119,'UÑA RETROEXCAVADORA',NULL,NULL),(120,'UÑAS MONTACARGA',NULL,NULL),(121,'UNIDAD HIDRAULICA',NULL,NULL),(122,'VAIA CAR',NULL,NULL),(123,'VEHICULO SOBRE NEUMATICOS',NULL,NULL),(124,'VENTILADOR AXIAL MONO - ETAPICO CON ACCESORIOS',NULL,NULL),(125,'VIBRADOR ELÉCTRICO',NULL,NULL),(126,'VIBROAPISONADORES',NULL,NULL),(127,'VIBROAPRISIONADORES',NULL,NULL),(128,'VOLQUETA',NULL,NULL);
/*!40000 ALTER TABLE `equipment` ENABLE KEYS */;
UNLOCK TABLES;

--
-- Table structure for table `failed_jobs`
--

DROP TABLE IF EXISTS `failed_jobs`;
/*!40101 SET @saved_cs_client     = @@character_set_client */;
/*!50503 SET character_set_client = utf8mb4 */;
CREATE TABLE `failed_jobs` (
  `id` bigint unsigned NOT NULL AUTO_INCREMENT,
  `connection` text CHARACTER SET utf8mb4 COLLATE utf8mb4_unicode_ci NOT NULL,
  `queue` text CHARACTER SET utf8mb4 COLLATE utf8mb4_unicode_ci NOT NULL,
  `payload` longtext CHARACTER SET utf8mb4 COLLATE utf8mb4_unicode_ci NOT NULL,
  `exception` longtext CHARACTER SET utf8mb4 COLLATE utf8mb4_unicode_ci NOT NULL,
  `failed_at` timestamp NOT NULL DEFAULT CURRENT_TIMESTAMP,
  PRIMARY KEY (`id`)
) ENGINE=InnoDB DEFAULT CHARSET=utf8mb4 COLLATE=utf8mb4_unicode_ci;
/*!40101 SET character_set_client = @saved_cs_client */;

--
-- Dumping data for table `failed_jobs`
--

LOCK TABLES `failed_jobs` WRITE;
/*!40000 ALTER TABLE `failed_jobs` DISABLE KEYS */;
/*!40000 ALTER TABLE `failed_jobs` ENABLE KEYS */;
UNLOCK TABLES;

--
-- Table structure for table `location_users`
--

DROP TABLE IF EXISTS `location_users`;
/*!40101 SET @saved_cs_client     = @@character_set_client */;
/*!50503 SET character_set_client = utf8mb4 */;
CREATE TABLE `location_users` (
  `id` bigint unsigned NOT NULL AUTO_INCREMENT,
  `location_id` bigint unsigned NOT NULL,
  `user_id` bigint unsigned NOT NULL,
  `collaborator_report` tinyint(1) NOT NULL DEFAULT '0',
  `approver_report` tinyint(1) NOT NULL DEFAULT '0',
  `approver_workbook` tinyint(1) NOT NULL DEFAULT '0',
  `notification` tinyint(1) NOT NULL DEFAULT '0',
  `created_at` timestamp NULL DEFAULT NULL,
  `updated_at` timestamp NULL DEFAULT NULL,
  PRIMARY KEY (`id`),
  KEY `location_users_location_id_foreign` (`location_id`),
  KEY `location_users_user_id_foreign` (`user_id`),
  CONSTRAINT `location_users_location_id_foreign` FOREIGN KEY (`location_id`) REFERENCES `locations` (`id`) ON DELETE RESTRICT ON UPDATE CASCADE,
  CONSTRAINT `location_users_user_id_foreign` FOREIGN KEY (`user_id`) REFERENCES `users` (`id`) ON DELETE RESTRICT ON UPDATE CASCADE
) ENGINE=InnoDB AUTO_INCREMENT=2048 DEFAULT CHARSET=utf8mb4 COLLATE=utf8mb4_unicode_ci;
/*!40101 SET character_set_client = @saved_cs_client */;

--
-- Dumping data for table `location_users`
--

LOCK TABLES `location_users` WRITE;
/*!40000 ALTER TABLE `location_users` DISABLE KEYS */;
INSERT INTO `location_users` VALUES (1,58,90,1,0,0,1,NULL,NULL),(2,1,91,0,1,0,1,NULL,NULL),(3,2,91,0,1,0,1,NULL,NULL),(4,3,91,0,1,0,1,NULL,NULL),(5,4,91,0,1,0,1,NULL,NULL),(6,5,91,0,1,0,1,NULL,NULL),(7,6,91,0,1,0,1,NULL,NULL),(8,7,91,0,1,0,1,NULL,NULL),(9,8,91,0,1,0,1,NULL,NULL),(10,9,91,0,1,0,1,NULL,NULL),(11,10,91,0,1,0,1,NULL,NULL),(12,11,91,0,1,0,1,NULL,NULL),(13,12,91,0,1,0,1,NULL,NULL),(14,13,91,0,1,0,1,NULL,NULL),(15,14,91,0,1,0,1,NULL,NULL),(16,15,91,0,1,0,1,NULL,NULL),(17,16,91,0,1,0,1,NULL,NULL),(18,17,91,0,1,0,1,NULL,NULL),(19,18,91,0,1,0,1,NULL,NULL),(20,19,91,0,1,0,1,NULL,NULL),(21,20,91,0,1,0,1,NULL,NULL),(22,21,91,0,1,0,1,NULL,NULL),(23,22,91,0,1,0,1,NULL,NULL),(24,23,91,0,1,0,1,NULL,NULL),(25,24,91,0,1,0,1,NULL,NULL),(26,25,91,0,1,0,1,NULL,NULL),(27,26,91,0,1,0,1,NULL,NULL),(28,27,91,0,1,0,1,NULL,NULL),(29,28,91,0,1,0,1,NULL,NULL),(30,29,91,0,1,0,1,NULL,NULL),(31,30,91,0,1,0,1,NULL,NULL),(32,31,91,0,1,0,1,NULL,NULL),(33,32,91,0,1,0,1,NULL,NULL),(34,33,91,0,1,0,1,NULL,NULL),(35,34,91,0,1,0,1,NULL,NULL),(36,35,91,0,1,0,1,NULL,NULL),(37,36,91,0,1,0,1,NULL,NULL),(38,37,91,0,1,0,1,NULL,NULL),(39,38,91,0,1,0,1,NULL,NULL),(40,39,91,0,1,0,1,NULL,NULL),(41,40,91,0,1,0,1,NULL,NULL),(42,41,91,0,1,0,1,NULL,NULL),(43,42,91,0,1,0,1,NULL,NULL),(44,43,91,0,1,0,1,NULL,NULL),(45,44,91,0,1,0,1,NULL,NULL),(46,45,91,0,1,0,1,NULL,NULL),(47,46,91,0,1,0,1,NULL,NULL),(48,47,91,0,1,0,1,NULL,NULL),(49,48,91,0,1,0,1,NULL,NULL),(50,49,91,0,1,0,1,NULL,NULL),(51,50,91,0,1,0,1,NULL,NULL),(52,51,91,0,1,0,1,NULL,NULL),(53,52,91,0,1,0,1,NULL,NULL),(54,53,91,0,1,0,1,NULL,NULL),(55,54,91,0,1,0,1,NULL,NULL),(56,55,91,0,1,0,1,NULL,NULL),(57,56,91,0,1,0,1,NULL,NULL),(58,57,91,0,1,0,1,NULL,NULL),(59,58,91,0,1,0,1,NULL,NULL),(60,59,91,0,1,0,1,NULL,NULL),(61,60,91,0,1,0,1,NULL,NULL),(62,61,91,0,1,0,1,NULL,NULL),(63,62,91,0,1,0,1,NULL,NULL),(64,63,91,0,1,0,1,NULL,NULL),(65,64,91,0,1,0,1,NULL,NULL),(66,65,91,0,1,0,1,NULL,NULL),(67,66,91,0,1,0,1,NULL,NULL),(68,67,91,0,1,0,1,NULL,NULL),(69,68,91,0,1,0,1,NULL,NULL),(70,69,91,0,1,0,1,NULL,NULL),(71,70,91,0,1,0,1,NULL,NULL),(72,71,91,0,1,0,1,NULL,NULL),(73,72,91,0,1,0,1,NULL,NULL),(74,73,91,0,1,0,1,NULL,NULL),(75,74,91,0,1,0,1,NULL,NULL),(76,75,91,0,1,0,1,NULL,NULL),(77,76,91,0,1,0,1,NULL,NULL),(78,77,91,0,1,0,1,NULL,NULL),(79,78,91,0,1,0,1,NULL,NULL),(80,79,91,0,1,0,1,NULL,NULL),(81,80,91,0,1,0,1,NULL,NULL),(82,81,91,0,1,0,1,NULL,NULL),(83,22,92,0,0,1,1,NULL,NULL),(84,23,92,0,0,1,1,NULL,NULL),(85,66,92,0,0,1,1,NULL,NULL),(86,67,92,0,0,1,1,NULL,NULL),(87,23,94,1,0,0,1,NULL,NULL),(88,4,95,0,0,1,1,NULL,NULL),(89,6,95,0,0,1,1,NULL,NULL),(90,8,95,0,0,1,1,NULL,NULL),(91,10,95,0,0,1,1,NULL,NULL),(92,34,95,0,0,1,1,NULL,NULL),(93,35,95,0,0,1,1,NULL,NULL),(94,36,95,0,0,1,1,NULL,NULL),(95,48,95,0,0,1,1,NULL,NULL),(96,76,95,0,0,1,1,NULL,NULL),(97,5,96,1,0,0,1,NULL,NULL),(98,7,96,1,0,0,1,NULL,NULL),(99,9,96,1,0,0,1,NULL,NULL),(100,12,96,1,0,0,1,NULL,NULL),(101,17,96,1,0,0,1,NULL,NULL),(102,19,96,1,0,0,1,NULL,NULL),(103,26,96,1,0,0,1,NULL,NULL),(104,27,96,1,0,0,1,NULL,NULL),(105,29,96,1,0,0,1,NULL,NULL),(106,38,96,1,0,0,1,NULL,NULL),(107,39,96,1,0,0,1,NULL,NULL),(108,40,96,1,0,0,1,NULL,NULL),(109,41,96,1,0,0,1,NULL,NULL),(110,42,96,1,0,0,1,NULL,NULL),(111,44,96,1,0,0,1,NULL,NULL),(112,45,96,1,0,0,1,NULL,NULL),(113,46,96,1,0,0,1,NULL,NULL),(114,55,96,1,0,0,1,NULL,NULL),(115,56,96,1,0,0,1,NULL,NULL),(116,57,96,1,0,0,1,NULL,NULL),(117,58,96,1,0,0,1,NULL,NULL),(118,23,99,1,0,0,1,NULL,NULL),(119,7,100,0,0,1,1,NULL,NULL),(120,9,100,0,0,1,1,NULL,NULL),(121,32,100,0,0,1,1,NULL,NULL),(122,40,100,0,0,1,1,NULL,NULL),(123,41,100,0,0,1,1,NULL,NULL),(124,42,100,0,0,1,1,NULL,NULL),(125,46,100,0,0,1,1,NULL,NULL),(126,14,102,0,0,1,1,NULL,NULL),(127,15,102,0,0,1,1,NULL,NULL),(128,31,102,0,0,1,1,NULL,NULL),(129,50,102,0,0,1,1,NULL,NULL),(130,51,102,0,0,1,1,NULL,NULL),(131,59,102,0,0,1,1,NULL,NULL),(132,62,102,0,0,1,1,NULL,NULL),(133,64,102,0,0,1,1,NULL,NULL),(134,81,102,0,0,1,1,NULL,NULL),(135,5,103,0,0,1,1,NULL,NULL),(136,17,103,0,0,1,1,NULL,NULL),(137,44,103,0,0,1,1,NULL,NULL),(138,57,103,0,0,1,1,NULL,NULL),(139,67,104,1,0,0,1,NULL,NULL),(140,28,105,1,0,0,1,NULL,NULL),(141,31,105,1,0,0,1,NULL,NULL),(142,37,105,1,0,0,1,NULL,NULL),(143,50,105,1,0,0,1,NULL,NULL),(144,51,105,1,0,0,1,NULL,NULL),(145,52,105,1,0,0,1,NULL,NULL),(146,53,105,1,0,0,1,NULL,NULL),(147,54,105,1,0,0,1,NULL,NULL),(148,64,105,1,0,0,1,NULL,NULL),(149,65,105,1,0,0,1,NULL,NULL),(150,38,106,1,0,0,1,NULL,NULL),(151,29,107,0,0,1,1,NULL,NULL),(152,37,107,0,0,1,1,NULL,NULL),(153,38,107,0,0,1,1,NULL,NULL),(154,39,107,0,0,1,1,NULL,NULL),(155,53,107,0,0,1,1,NULL,NULL),(156,54,107,0,0,1,1,NULL,NULL),(157,55,107,0,0,1,1,NULL,NULL),(158,56,107,0,0,1,1,NULL,NULL),(159,2,108,0,0,1,1,NULL,NULL),(160,12,108,0,0,1,1,NULL,NULL),(161,16,108,0,0,1,1,NULL,NULL),(162,18,108,0,0,1,1,NULL,NULL),(163,28,108,0,0,1,1,NULL,NULL),(164,43,108,0,0,1,1,NULL,NULL),(165,52,108,0,0,1,1,NULL,NULL),(166,65,108,0,0,1,1,NULL,NULL),(167,70,108,0,0,1,1,NULL,NULL),(168,29,109,0,0,1,1,NULL,NULL),(169,37,109,0,0,1,1,NULL,NULL),(170,38,109,0,0,1,1,NULL,NULL),(171,39,109,0,0,1,1,NULL,NULL),(172,52,109,0,0,1,1,NULL,NULL),(173,53,109,0,0,1,1,NULL,NULL),(174,54,109,0,0,1,1,NULL,NULL),(175,55,109,0,0,1,1,NULL,NULL),(176,56,109,0,0,1,1,NULL,NULL),(177,64,109,0,0,1,1,NULL,NULL),(178,1,110,0,0,1,1,NULL,NULL),(179,2,110,0,0,1,1,NULL,NULL),(180,3,110,0,0,1,1,NULL,NULL),(181,4,110,0,0,1,1,NULL,NULL),(182,5,110,0,0,1,1,NULL,NULL),(183,6,110,0,0,1,1,NULL,NULL),(184,7,110,0,0,1,1,NULL,NULL),(185,8,110,0,0,1,1,NULL,NULL),(186,9,110,0,0,1,1,NULL,NULL),(187,10,110,0,0,1,1,NULL,NULL),(188,11,110,0,0,1,1,NULL,NULL),(189,12,110,0,0,1,1,NULL,NULL),(190,13,110,0,0,1,1,NULL,NULL),(191,14,110,0,0,1,1,NULL,NULL),(192,15,110,0,0,1,1,NULL,NULL),(193,16,110,0,0,1,1,NULL,NULL),(194,17,110,0,0,1,1,NULL,NULL),(195,18,110,0,0,1,1,NULL,NULL),(196,19,110,0,0,1,1,NULL,NULL),(197,20,110,0,0,1,1,NULL,NULL),(198,21,110,0,0,1,1,NULL,NULL),(199,24,110,0,0,1,1,NULL,NULL),(200,25,110,0,0,1,1,NULL,NULL),(201,26,110,0,0,1,1,NULL,NULL),(202,27,110,0,0,1,1,NULL,NULL),(203,28,110,0,0,1,1,NULL,NULL),(204,29,110,0,0,1,1,NULL,NULL),(205,30,110,0,0,1,1,NULL,NULL),(206,31,110,0,0,1,1,NULL,NULL),(207,32,110,0,0,1,1,NULL,NULL),(208,33,110,0,0,1,1,NULL,NULL),(209,34,110,0,0,1,1,NULL,NULL),(210,35,110,0,0,1,1,NULL,NULL),(211,36,110,0,0,1,1,NULL,NULL),(212,37,110,0,0,1,1,NULL,NULL),(213,38,110,0,0,1,1,NULL,NULL),(214,39,110,0,0,1,1,NULL,NULL),(215,40,110,0,0,1,1,NULL,NULL),(216,41,110,0,0,1,1,NULL,NULL),(217,42,110,0,0,1,1,NULL,NULL),(218,43,110,0,0,1,1,NULL,NULL),(219,44,110,0,0,1,1,NULL,NULL),(220,45,110,0,0,1,1,NULL,NULL),(221,46,110,0,0,1,1,NULL,NULL),(222,47,110,0,0,1,1,NULL,NULL),(223,48,110,0,0,1,1,NULL,NULL),(224,49,110,0,0,1,1,NULL,NULL),(225,50,110,0,0,1,1,NULL,NULL),(226,51,110,0,0,1,1,NULL,NULL),(227,52,110,0,0,1,1,NULL,NULL),(228,53,110,0,0,1,1,NULL,NULL),(229,54,110,0,0,1,1,NULL,NULL),(230,55,110,0,0,1,1,NULL,NULL),(231,56,110,0,0,1,1,NULL,NULL),(232,57,110,0,0,1,1,NULL,NULL),(233,58,110,0,0,1,1,NULL,NULL),(234,59,110,0,0,1,1,NULL,NULL),(235,60,110,0,0,1,1,NULL,NULL),(236,61,110,0,0,1,1,NULL,NULL),(237,62,110,0,0,1,1,NULL,NULL),(238,63,110,0,0,1,1,NULL,NULL),(239,64,110,0,0,1,1,NULL,NULL),(240,65,110,0,0,1,1,NULL,NULL),(241,66,110,0,0,1,1,NULL,NULL),(242,67,110,0,0,1,1,NULL,NULL),(243,68,110,0,0,1,1,NULL,NULL),(244,69,110,0,0,1,1,NULL,NULL),(245,72,110,0,0,1,1,NULL,NULL),(246,73,110,0,0,1,1,NULL,NULL),(247,74,110,0,0,1,1,NULL,NULL),(248,76,110,0,0,1,1,NULL,NULL),(249,77,110,0,0,1,1,NULL,NULL),(250,78,110,0,0,1,1,NULL,NULL),(251,79,110,0,0,1,1,NULL,NULL),(252,80,110,0,0,1,1,NULL,NULL),(253,81,110,0,0,1,1,NULL,NULL),(254,2,111,0,0,1,1,NULL,NULL),(255,12,111,0,0,1,1,NULL,NULL),(256,16,111,0,0,1,1,NULL,NULL),(257,18,111,0,0,1,1,NULL,NULL),(258,28,111,0,0,1,1,NULL,NULL),(259,43,111,0,0,1,1,NULL,NULL),(260,49,111,0,0,1,1,NULL,NULL),(261,52,111,0,0,1,1,NULL,NULL),(262,65,111,0,0,1,1,NULL,NULL),(263,1,112,0,0,1,1,NULL,NULL),(264,2,112,0,0,1,1,NULL,NULL),(265,3,112,0,0,1,1,NULL,NULL),(266,4,112,0,0,1,1,NULL,NULL),(267,5,112,0,0,1,1,NULL,NULL),(268,6,112,0,0,1,1,NULL,NULL),(269,7,112,0,0,1,1,NULL,NULL),(270,8,112,0,0,1,1,NULL,NULL),(271,9,112,0,0,1,1,NULL,NULL),(272,10,112,0,0,1,1,NULL,NULL),(273,11,112,0,0,1,1,NULL,NULL),(274,12,112,0,0,1,1,NULL,NULL),(275,13,112,0,0,1,1,NULL,NULL),(276,14,112,0,0,1,1,NULL,NULL),(277,15,112,0,0,1,1,NULL,NULL),(278,16,112,0,0,1,1,NULL,NULL),(279,17,112,0,0,1,1,NULL,NULL),(280,18,112,0,0,1,1,NULL,NULL),(281,19,112,0,0,1,1,NULL,NULL),(282,20,112,0,0,1,1,NULL,NULL),(283,21,112,0,0,1,1,NULL,NULL),(284,24,112,0,0,1,1,NULL,NULL),(285,25,112,0,0,1,1,NULL,NULL),(286,26,112,0,0,1,1,NULL,NULL),(287,27,112,0,0,1,1,NULL,NULL),(288,28,112,0,0,1,1,NULL,NULL),(289,29,112,0,0,1,1,NULL,NULL),(290,30,112,0,0,1,1,NULL,NULL),(291,31,112,0,0,1,1,NULL,NULL),(292,32,112,0,0,1,1,NULL,NULL),(293,33,112,0,0,1,1,NULL,NULL),(294,34,112,0,0,1,1,NULL,NULL),(295,35,112,0,0,1,1,NULL,NULL),(296,36,112,0,0,1,1,NULL,NULL),(297,37,112,0,0,1,1,NULL,NULL),(298,38,112,0,0,1,1,NULL,NULL),(299,39,112,0,0,1,1,NULL,NULL),(300,40,112,0,0,1,1,NULL,NULL),(301,41,112,0,0,1,1,NULL,NULL),(302,42,112,0,0,1,1,NULL,NULL),(303,43,112,0,0,1,1,NULL,NULL),(304,44,112,0,0,1,1,NULL,NULL),(305,45,112,0,0,1,1,NULL,NULL),(306,46,112,0,0,1,1,NULL,NULL),(307,47,112,0,0,1,1,NULL,NULL),(308,48,112,0,0,1,1,NULL,NULL),(309,49,112,0,0,1,1,NULL,NULL),(310,50,112,0,0,1,1,NULL,NULL),(311,51,112,0,0,1,1,NULL,NULL),(312,52,112,0,0,1,1,NULL,NULL),(313,53,112,0,0,1,1,NULL,NULL),(314,54,112,0,0,1,1,NULL,NULL),(315,55,112,0,0,1,1,NULL,NULL),(316,56,112,0,0,1,1,NULL,NULL),(317,57,112,0,0,1,1,NULL,NULL),(318,58,112,0,0,1,1,NULL,NULL),(319,59,112,0,0,1,1,NULL,NULL),(320,60,112,0,0,1,1,NULL,NULL),(321,61,112,0,0,1,1,NULL,NULL),(322,62,112,0,0,1,1,NULL,NULL),(323,63,112,0,0,1,1,NULL,NULL),(324,64,112,0,0,1,1,NULL,NULL),(325,65,112,0,0,1,1,NULL,NULL),(326,66,112,0,0,1,1,NULL,NULL),(327,67,112,0,0,1,1,NULL,NULL),(328,68,112,0,0,1,1,NULL,NULL),(329,69,112,0,0,1,1,NULL,NULL),(330,72,112,0,0,1,1,NULL,NULL),(331,73,112,0,0,1,1,NULL,NULL),(332,74,112,0,0,1,1,NULL,NULL),(333,76,112,0,0,1,1,NULL,NULL),(334,77,112,0,0,1,1,NULL,NULL),(335,78,112,0,0,1,1,NULL,NULL),(336,79,112,0,0,1,1,NULL,NULL),(337,80,112,0,0,1,1,NULL,NULL),(338,81,112,0,0,1,1,NULL,NULL),(339,27,113,0,0,1,1,NULL,NULL),(340,28,113,0,0,1,1,NULL,NULL),(341,29,113,0,0,1,1,NULL,NULL),(342,30,113,0,0,1,1,NULL,NULL),(343,31,113,0,0,1,1,NULL,NULL),(344,32,113,0,0,1,1,NULL,NULL),(345,33,113,0,0,1,1,NULL,NULL),(346,34,113,0,0,1,1,NULL,NULL),(347,35,113,0,0,1,1,NULL,NULL),(348,36,113,0,0,1,1,NULL,NULL),(349,37,113,0,0,1,1,NULL,NULL),(350,38,113,0,0,1,1,NULL,NULL),(351,39,113,0,0,1,1,NULL,NULL),(352,40,113,0,0,1,1,NULL,NULL),(353,41,113,0,0,1,1,NULL,NULL),(354,42,113,0,0,1,1,NULL,NULL),(355,43,113,0,0,1,1,NULL,NULL),(356,44,113,0,0,1,1,NULL,NULL),(357,45,113,0,0,1,1,NULL,NULL),(358,46,113,0,0,1,1,NULL,NULL),(359,47,113,0,0,1,1,NULL,NULL),(360,48,113,0,0,1,1,NULL,NULL),(361,49,113,0,0,1,1,NULL,NULL),(362,50,113,0,0,1,1,NULL,NULL),(363,51,113,0,0,1,1,NULL,NULL),(364,52,113,0,0,1,1,NULL,NULL),(365,53,113,0,0,1,1,NULL,NULL),(366,54,113,0,0,1,1,NULL,NULL),(367,55,113,0,0,1,1,NULL,NULL),(368,56,113,0,0,1,1,NULL,NULL),(369,57,113,0,0,1,1,NULL,NULL),(370,58,113,0,0,1,1,NULL,NULL),(371,59,113,0,0,1,1,NULL,NULL),(372,63,113,0,0,1,1,NULL,NULL),(373,64,113,0,0,1,1,NULL,NULL),(374,65,113,0,0,1,1,NULL,NULL),(375,68,113,0,0,1,1,NULL,NULL),(376,69,113,0,0,1,1,NULL,NULL),(377,72,113,0,0,1,1,NULL,NULL),(378,73,113,0,0,1,1,NULL,NULL),(379,74,113,0,0,1,1,NULL,NULL),(380,14,114,0,0,1,1,NULL,NULL),(381,15,114,0,0,1,1,NULL,NULL),(382,31,114,0,0,1,1,NULL,NULL),(383,50,114,0,0,1,1,NULL,NULL),(384,51,114,0,0,1,1,NULL,NULL),(385,59,114,0,0,1,1,NULL,NULL),(386,62,114,0,0,1,1,NULL,NULL),(387,64,114,0,0,1,1,NULL,NULL),(388,81,114,0,0,1,1,NULL,NULL),(389,28,115,0,0,1,1,NULL,NULL),(390,29,115,0,0,1,1,NULL,NULL),(391,31,115,0,0,1,1,NULL,NULL),(392,32,115,0,0,1,1,NULL,NULL),(393,33,115,0,0,1,1,NULL,NULL),(394,34,115,0,0,1,1,NULL,NULL),(395,35,115,0,0,1,1,NULL,NULL),(396,36,115,0,0,1,1,NULL,NULL),(397,37,115,0,0,1,1,NULL,NULL),(398,38,115,0,0,1,1,NULL,NULL),(399,39,115,0,0,1,1,NULL,NULL),(400,40,115,0,0,1,1,NULL,NULL),(401,41,115,0,0,1,1,NULL,NULL),(402,42,115,0,0,1,1,NULL,NULL),(403,53,115,0,0,1,1,NULL,NULL),(404,54,115,0,0,1,1,NULL,NULL),(405,55,115,0,0,1,1,NULL,NULL),(406,56,115,0,0,1,1,NULL,NULL),(407,58,115,0,0,1,1,NULL,NULL),(408,59,115,0,0,1,1,NULL,NULL),(409,64,115,0,0,1,1,NULL,NULL),(410,65,115,0,0,1,1,NULL,NULL),(411,72,115,0,0,1,1,NULL,NULL),(412,66,116,1,0,0,1,NULL,NULL),(413,67,116,1,0,0,1,NULL,NULL),(414,7,117,1,0,0,1,NULL,NULL),(415,19,117,1,0,0,1,NULL,NULL),(416,41,117,1,0,0,1,NULL,NULL),(417,42,117,1,0,0,1,NULL,NULL),(418,46,117,1,0,0,1,NULL,NULL),(419,60,118,1,0,0,1,NULL,NULL),(420,61,118,1,0,0,1,NULL,NULL),(421,76,118,1,0,0,1,NULL,NULL),(422,77,118,1,0,0,1,NULL,NULL),(423,79,118,1,0,0,1,NULL,NULL),(424,80,118,1,0,0,1,NULL,NULL),(425,5,119,0,0,1,1,NULL,NULL),(426,11,119,0,0,1,1,NULL,NULL),(427,13,119,0,0,1,1,NULL,NULL),(428,17,119,0,0,1,1,NULL,NULL),(429,33,119,0,0,1,1,NULL,NULL),(430,45,119,0,0,1,1,NULL,NULL),(431,47,119,0,0,1,1,NULL,NULL),(432,57,119,0,0,1,1,NULL,NULL),(433,23,121,1,0,0,1,NULL,NULL),(434,4,122,0,1,0,1,NULL,NULL),(435,6,122,0,1,0,1,NULL,NULL),(436,8,122,0,1,0,1,NULL,NULL),(437,10,122,0,1,0,1,NULL,NULL),(438,11,122,0,1,0,1,NULL,NULL),(439,13,122,0,1,0,1,NULL,NULL),(440,30,122,0,1,0,1,NULL,NULL),(441,32,122,0,1,0,1,NULL,NULL),(442,33,122,0,1,0,1,NULL,NULL),(443,34,122,0,1,0,1,NULL,NULL),(444,35,122,0,1,0,1,NULL,NULL),(445,36,122,0,1,0,1,NULL,NULL),(446,47,122,0,1,0,1,NULL,NULL),(447,48,122,0,1,0,1,NULL,NULL),(448,76,122,0,1,0,1,NULL,NULL),(449,79,122,0,1,0,1,NULL,NULL),(450,80,122,0,1,0,1,NULL,NULL),(451,5,123,0,0,1,1,NULL,NULL),(452,17,123,0,0,1,1,NULL,NULL),(453,22,123,0,0,1,1,NULL,NULL),(454,23,123,0,0,1,1,NULL,NULL),(455,39,123,0,0,1,1,NULL,NULL),(456,44,123,0,0,1,1,NULL,NULL),(457,57,123,0,0,1,1,NULL,NULL),(458,66,123,0,0,1,1,NULL,NULL),(459,67,123,0,0,1,1,NULL,NULL),(460,6,124,0,0,1,1,NULL,NULL),(461,11,124,0,0,1,1,NULL,NULL),(462,13,124,0,0,1,1,NULL,NULL),(463,19,124,0,0,1,1,NULL,NULL),(464,1,126,0,0,1,1,NULL,NULL),(465,2,126,0,0,1,1,NULL,NULL),(466,3,126,0,0,1,1,NULL,NULL),(467,4,126,0,0,1,1,NULL,NULL),(468,5,126,0,0,1,1,NULL,NULL),(469,6,126,0,0,1,1,NULL,NULL),(470,7,126,0,0,1,1,NULL,NULL),(471,8,126,0,0,1,1,NULL,NULL),(472,9,126,0,0,1,1,NULL,NULL),(473,10,126,0,0,1,1,NULL,NULL),(474,11,126,0,0,1,1,NULL,NULL),(475,12,126,0,0,1,1,NULL,NULL),(476,13,126,0,0,1,1,NULL,NULL),(477,14,126,0,0,1,1,NULL,NULL),(478,15,126,0,0,1,1,NULL,NULL),(479,16,126,0,0,1,1,NULL,NULL),(480,17,126,0,0,1,1,NULL,NULL),(481,18,126,0,0,1,1,NULL,NULL),(482,19,126,0,0,1,1,NULL,NULL),(483,20,126,0,0,1,1,NULL,NULL),(484,21,126,0,0,1,1,NULL,NULL),(485,24,126,0,0,1,1,NULL,NULL),(486,25,126,0,0,1,1,NULL,NULL),(487,26,126,0,0,1,1,NULL,NULL),(488,27,126,0,0,1,1,NULL,NULL),(489,28,126,0,0,1,1,NULL,NULL),(490,29,126,0,0,1,1,NULL,NULL),(491,30,126,0,0,1,1,NULL,NULL),(492,31,126,0,0,1,1,NULL,NULL),(493,32,126,0,0,1,1,NULL,NULL),(494,33,126,0,0,1,1,NULL,NULL),(495,34,126,0,0,1,1,NULL,NULL),(496,35,126,0,0,1,1,NULL,NULL),(497,36,126,0,0,1,1,NULL,NULL),(498,37,126,0,0,1,1,NULL,NULL),(499,38,126,0,0,1,1,NULL,NULL),(500,39,126,0,0,1,1,NULL,NULL),(501,40,126,0,0,1,1,NULL,NULL),(502,41,126,0,0,1,1,NULL,NULL),(503,42,126,0,0,1,1,NULL,NULL),(504,43,126,0,0,1,1,NULL,NULL),(505,44,126,0,0,1,1,NULL,NULL),(506,45,126,0,0,1,1,NULL,NULL),(507,46,126,0,0,1,1,NULL,NULL),(508,47,126,0,0,1,1,NULL,NULL),(509,48,126,0,0,1,1,NULL,NULL),(510,49,126,0,0,1,1,NULL,NULL),(511,50,126,0,0,1,1,NULL,NULL),(512,51,126,0,0,1,1,NULL,NULL),(513,52,126,0,0,1,1,NULL,NULL),(514,53,126,0,0,1,1,NULL,NULL),(515,54,126,0,0,1,1,NULL,NULL),(516,55,126,0,0,1,1,NULL,NULL),(517,56,126,0,0,1,1,NULL,NULL),(518,57,126,0,0,1,1,NULL,NULL),(519,58,126,0,0,1,1,NULL,NULL),(520,59,126,0,0,1,1,NULL,NULL),(521,60,126,0,0,1,1,NULL,NULL),(522,61,126,0,0,1,1,NULL,NULL),(523,62,126,0,0,1,1,NULL,NULL),(524,63,126,0,0,1,1,NULL,NULL),(525,64,126,0,0,1,1,NULL,NULL),(526,65,126,0,0,1,1,NULL,NULL),(527,66,126,0,0,1,1,NULL,NULL),(528,67,126,0,0,1,1,NULL,NULL),(529,68,126,0,0,1,1,NULL,NULL),(530,69,126,0,0,1,1,NULL,NULL),(531,72,126,0,0,1,1,NULL,NULL),(532,73,126,0,0,1,1,NULL,NULL),(533,74,126,0,0,1,1,NULL,NULL),(534,76,126,0,0,1,1,NULL,NULL),(535,77,126,0,0,1,1,NULL,NULL),(536,78,126,0,0,1,1,NULL,NULL),(537,79,126,0,0,1,1,NULL,NULL),(538,80,126,0,0,1,1,NULL,NULL),(539,81,126,0,0,1,1,NULL,NULL),(540,4,128,0,0,1,1,NULL,NULL),(541,8,128,0,0,1,1,NULL,NULL),(542,10,128,0,0,1,1,NULL,NULL),(543,14,128,0,0,1,1,NULL,NULL),(544,15,128,0,0,1,1,NULL,NULL),(545,31,128,0,0,1,1,NULL,NULL),(546,34,128,0,0,1,1,NULL,NULL),(547,35,128,0,0,1,1,NULL,NULL),(548,36,128,0,0,1,1,NULL,NULL),(549,48,128,0,0,1,1,NULL,NULL),(550,50,128,0,0,1,1,NULL,NULL),(551,51,128,0,0,1,1,NULL,NULL),(552,59,128,0,0,1,1,NULL,NULL),(553,62,128,0,0,1,1,NULL,NULL),(554,64,128,0,0,1,1,NULL,NULL),(555,76,128,0,0,1,1,NULL,NULL),(556,81,128,0,0,1,1,NULL,NULL),(557,11,129,1,0,0,1,NULL,NULL),(558,4,130,1,0,0,1,NULL,NULL),(559,6,130,0,0,0,1,NULL,NULL),(560,8,130,0,0,0,1,NULL,NULL),(561,10,130,0,0,0,1,NULL,NULL),(562,11,130,0,0,0,1,NULL,NULL),(563,13,130,0,0,0,1,NULL,NULL),(564,30,130,0,0,0,1,NULL,NULL),(565,32,130,0,0,0,1,NULL,NULL),(566,33,130,0,0,0,1,NULL,NULL),(567,34,130,0,0,0,1,NULL,NULL),(568,35,130,0,0,0,1,NULL,NULL),(569,36,130,0,0,0,1,NULL,NULL),(570,47,130,0,0,0,1,NULL,NULL),(571,48,130,0,0,0,1,NULL,NULL),(572,22,131,1,0,0,1,NULL,NULL),(573,23,132,1,0,0,1,NULL,NULL),(574,62,132,1,0,0,1,NULL,NULL),(575,66,132,1,0,0,1,NULL,NULL),(576,67,132,1,0,0,1,NULL,NULL),(577,1,133,0,1,0,1,NULL,NULL),(578,2,133,0,1,0,1,NULL,NULL),(579,3,133,0,1,0,1,NULL,NULL),(580,4,133,0,1,0,1,NULL,NULL),(581,5,133,0,1,0,1,NULL,NULL),(582,6,133,0,1,0,1,NULL,NULL),(583,7,133,0,1,0,1,NULL,NULL),(584,8,133,0,1,0,1,NULL,NULL),(585,9,133,0,1,0,1,NULL,NULL),(586,10,133,0,1,0,1,NULL,NULL),(587,11,133,0,1,0,1,NULL,NULL),(588,12,133,0,1,0,1,NULL,NULL),(589,13,133,0,1,0,1,NULL,NULL),(590,14,133,0,1,0,1,NULL,NULL),(591,15,133,0,1,0,1,NULL,NULL),(592,16,133,0,1,0,1,NULL,NULL),(593,17,133,0,1,0,1,NULL,NULL),(594,18,133,0,1,0,1,NULL,NULL),(595,19,133,0,1,0,1,NULL,NULL),(596,20,133,0,1,0,1,NULL,NULL),(597,21,133,0,1,0,1,NULL,NULL),(598,24,133,0,1,0,1,NULL,NULL),(599,25,133,0,1,0,1,NULL,NULL),(600,26,133,0,1,0,1,NULL,NULL),(601,27,133,0,1,0,1,NULL,NULL),(602,28,133,0,1,0,1,NULL,NULL),(603,29,133,0,1,0,1,NULL,NULL),(604,30,133,0,1,0,1,NULL,NULL),(605,31,133,0,1,0,1,NULL,NULL),(606,32,133,0,1,0,1,NULL,NULL),(607,33,133,0,1,0,1,NULL,NULL),(608,34,133,0,1,0,1,NULL,NULL),(609,35,133,0,1,0,1,NULL,NULL),(610,36,133,0,1,0,1,NULL,NULL),(611,37,133,0,1,0,1,NULL,NULL),(612,38,133,0,1,0,1,NULL,NULL),(613,39,133,0,1,0,1,NULL,NULL),(614,40,133,0,1,0,1,NULL,NULL),(615,41,133,0,1,0,1,NULL,NULL),(616,42,133,0,1,0,1,NULL,NULL),(617,43,133,0,1,0,1,NULL,NULL),(618,44,133,0,1,0,1,NULL,NULL),(619,45,133,0,1,0,1,NULL,NULL),(620,46,133,0,1,0,1,NULL,NULL),(621,47,133,0,1,0,1,NULL,NULL),(622,48,133,0,1,0,1,NULL,NULL),(623,49,133,0,1,0,1,NULL,NULL),(624,50,133,0,1,0,1,NULL,NULL),(625,51,133,0,1,0,1,NULL,NULL),(626,52,133,0,1,0,1,NULL,NULL),(627,53,133,0,1,0,1,NULL,NULL),(628,54,133,0,1,0,1,NULL,NULL),(629,55,133,0,1,0,1,NULL,NULL),(630,56,133,0,1,0,1,NULL,NULL),(631,57,133,0,1,0,1,NULL,NULL),(632,58,133,0,1,0,1,NULL,NULL),(633,59,133,0,1,0,1,NULL,NULL),(634,60,133,0,1,0,1,NULL,NULL),(635,61,133,0,1,0,1,NULL,NULL),(636,62,133,0,1,0,1,NULL,NULL),(637,63,133,0,1,0,1,NULL,NULL),(638,64,133,0,1,0,1,NULL,NULL),(639,65,133,0,1,0,1,NULL,NULL),(640,66,133,0,1,0,1,NULL,NULL),(641,67,133,0,1,0,1,NULL,NULL),(642,68,133,0,1,0,1,NULL,NULL),(643,69,133,0,1,0,1,NULL,NULL),(644,72,133,0,1,0,1,NULL,NULL),(645,73,133,0,1,0,1,NULL,NULL),(646,74,133,0,1,0,1,NULL,NULL),(647,76,133,0,1,0,1,NULL,NULL),(648,77,133,0,1,0,1,NULL,NULL),(649,78,133,0,1,0,1,NULL,NULL),(650,79,133,0,1,0,1,NULL,NULL),(651,80,133,0,1,0,1,NULL,NULL),(652,81,133,0,1,0,1,NULL,NULL),(653,1,134,0,0,1,1,NULL,NULL),(654,2,134,0,0,1,1,NULL,NULL),(655,3,134,0,0,1,1,NULL,NULL),(656,4,134,0,0,1,1,NULL,NULL),(657,5,134,0,0,1,1,NULL,NULL),(658,6,134,0,0,1,1,NULL,NULL),(659,7,134,0,0,1,1,NULL,NULL),(660,8,134,0,0,1,1,NULL,NULL),(661,9,134,0,0,1,1,NULL,NULL),(662,10,134,0,0,1,1,NULL,NULL),(663,11,134,0,0,1,1,NULL,NULL),(664,12,134,0,0,1,1,NULL,NULL),(665,13,134,0,0,1,1,NULL,NULL),(666,14,134,0,0,1,1,NULL,NULL),(667,15,134,0,0,1,1,NULL,NULL),(668,16,134,0,0,1,1,NULL,NULL),(669,17,134,0,0,1,1,NULL,NULL),(670,18,134,0,0,1,1,NULL,NULL),(671,19,134,0,0,1,1,NULL,NULL),(672,20,134,0,0,1,1,NULL,NULL),(673,21,134,0,0,1,1,NULL,NULL),(674,24,134,0,0,1,1,NULL,NULL),(675,25,134,0,0,1,1,NULL,NULL),(676,26,134,0,0,1,1,NULL,NULL),(677,27,134,0,0,1,1,NULL,NULL),(678,28,134,0,0,1,1,NULL,NULL),(679,29,134,0,0,1,1,NULL,NULL),(680,30,134,0,0,1,1,NULL,NULL),(681,31,134,0,0,1,1,NULL,NULL),(682,32,134,0,0,1,1,NULL,NULL),(683,33,134,0,0,1,1,NULL,NULL),(684,34,134,0,0,1,1,NULL,NULL),(685,35,134,0,0,1,1,NULL,NULL),(686,36,134,0,0,1,1,NULL,NULL),(687,37,134,0,0,1,1,NULL,NULL),(688,38,134,0,0,1,1,NULL,NULL),(689,39,134,0,0,1,1,NULL,NULL),(690,40,134,0,0,1,1,NULL,NULL),(691,41,134,0,0,1,1,NULL,NULL),(692,42,134,0,0,1,1,NULL,NULL),(693,43,134,0,0,1,1,NULL,NULL),(694,44,134,0,0,1,1,NULL,NULL),(695,45,134,0,0,1,1,NULL,NULL),(696,46,134,0,0,1,1,NULL,NULL),(697,47,134,0,0,1,1,NULL,NULL),(698,48,134,0,0,1,1,NULL,NULL),(699,49,134,0,0,1,1,NULL,NULL),(700,50,134,0,0,1,1,NULL,NULL),(701,51,134,0,0,1,1,NULL,NULL),(702,52,134,0,0,1,1,NULL,NULL),(703,53,134,0,0,1,1,NULL,NULL),(704,54,134,0,0,1,1,NULL,NULL),(705,55,134,0,0,1,1,NULL,NULL),(706,56,134,0,0,1,1,NULL,NULL),(707,57,134,0,0,1,1,NULL,NULL),(708,58,134,0,0,1,1,NULL,NULL),(709,59,134,0,0,1,1,NULL,NULL),(710,60,134,0,0,1,1,NULL,NULL),(711,61,134,0,0,1,1,NULL,NULL),(712,62,134,0,0,1,1,NULL,NULL),(713,63,134,0,0,1,1,NULL,NULL),(714,64,134,0,0,1,1,NULL,NULL),(715,65,134,0,0,1,1,NULL,NULL),(716,66,134,0,0,1,1,NULL,NULL),(717,67,134,0,0,1,1,NULL,NULL),(718,68,134,0,0,1,1,NULL,NULL),(719,69,134,0,0,1,1,NULL,NULL),(720,72,134,0,0,1,1,NULL,NULL),(721,73,134,0,0,1,1,NULL,NULL),(722,74,134,0,0,1,1,NULL,NULL),(723,76,134,0,0,1,1,NULL,NULL),(724,77,134,0,0,1,1,NULL,NULL),(725,78,134,0,0,1,1,NULL,NULL),(726,79,134,0,0,1,1,NULL,NULL),(727,80,134,0,0,1,1,NULL,NULL),(728,81,134,0,0,1,1,NULL,NULL),(729,60,136,0,0,0,1,NULL,NULL),(730,61,136,0,0,0,1,NULL,NULL),(731,5,137,0,1,0,1,NULL,NULL),(732,7,137,0,1,0,1,NULL,NULL),(733,9,137,0,1,0,1,NULL,NULL),(734,12,137,0,1,0,1,NULL,NULL),(735,17,137,0,1,0,1,NULL,NULL),(736,19,137,0,1,0,1,NULL,NULL),(737,26,137,0,1,0,1,NULL,NULL),(738,27,137,0,1,0,1,NULL,NULL),(739,29,137,0,1,0,1,NULL,NULL),(740,38,137,0,1,0,1,NULL,NULL),(741,39,137,0,1,0,1,NULL,NULL),(742,40,137,0,1,0,1,NULL,NULL),(743,41,137,0,1,0,1,NULL,NULL),(744,42,137,0,1,0,1,NULL,NULL),(745,44,137,0,1,0,1,NULL,NULL),(746,45,137,0,1,0,1,NULL,NULL),(747,46,137,0,1,0,1,NULL,NULL),(748,55,137,0,1,0,1,NULL,NULL),(749,56,137,0,1,0,1,NULL,NULL),(750,57,137,0,1,0,1,NULL,NULL),(751,58,137,0,1,0,1,NULL,NULL),(752,1,138,0,0,1,1,NULL,NULL),(753,2,138,0,0,1,1,NULL,NULL),(754,3,138,0,0,1,1,NULL,NULL),(755,4,138,0,0,1,1,NULL,NULL),(756,5,138,0,0,1,1,NULL,NULL),(757,6,138,0,0,1,1,NULL,NULL),(758,7,138,0,0,1,1,NULL,NULL),(759,8,138,0,0,1,1,NULL,NULL),(760,9,138,0,0,1,1,NULL,NULL),(761,10,138,0,0,1,1,NULL,NULL),(762,11,138,0,0,1,1,NULL,NULL),(763,12,138,0,0,1,1,NULL,NULL),(764,13,138,0,0,1,1,NULL,NULL),(765,14,138,0,0,1,1,NULL,NULL),(766,15,138,0,0,1,1,NULL,NULL),(767,16,138,0,0,1,1,NULL,NULL),(768,17,138,0,0,1,1,NULL,NULL),(769,18,138,0,0,1,1,NULL,NULL),(770,19,138,0,0,1,1,NULL,NULL),(771,20,138,0,0,1,1,NULL,NULL),(772,21,138,0,0,1,1,NULL,NULL),(773,24,138,0,0,1,1,NULL,NULL),(774,25,138,0,0,1,1,NULL,NULL),(775,26,138,0,0,1,1,NULL,NULL),(776,27,138,0,0,1,1,NULL,NULL),(777,28,138,0,0,1,1,NULL,NULL),(778,29,138,0,0,1,1,NULL,NULL),(779,30,138,0,0,1,1,NULL,NULL),(780,31,138,0,0,1,1,NULL,NULL),(781,32,138,0,0,1,1,NULL,NULL),(782,33,138,0,0,1,1,NULL,NULL),(783,34,138,0,0,1,1,NULL,NULL),(784,35,138,0,0,1,1,NULL,NULL),(785,36,138,0,0,1,1,NULL,NULL),(786,37,138,0,0,1,1,NULL,NULL),(787,38,138,0,0,1,1,NULL,NULL),(788,39,138,0,0,1,1,NULL,NULL),(789,40,138,0,0,1,1,NULL,NULL),(790,41,138,0,0,1,1,NULL,NULL),(791,42,138,0,0,1,1,NULL,NULL),(792,43,138,0,0,1,1,NULL,NULL),(793,44,138,0,0,1,1,NULL,NULL),(794,45,138,0,0,1,1,NULL,NULL),(795,46,138,0,0,1,1,NULL,NULL),(796,47,138,0,0,1,1,NULL,NULL),(797,48,138,0,0,1,1,NULL,NULL),(798,49,138,0,0,1,1,NULL,NULL),(799,50,138,0,0,1,1,NULL,NULL),(800,51,138,0,0,1,1,NULL,NULL),(801,52,138,0,0,1,1,NULL,NULL),(802,53,138,0,0,1,1,NULL,NULL),(803,54,138,0,0,1,1,NULL,NULL),(804,55,138,0,0,1,1,NULL,NULL),(805,56,138,0,0,1,1,NULL,NULL),(806,57,138,0,0,1,1,NULL,NULL),(807,58,138,0,0,1,1,NULL,NULL),(808,59,138,0,0,1,1,NULL,NULL),(809,60,138,0,0,1,1,NULL,NULL),(810,61,138,0,0,1,1,NULL,NULL),(811,62,138,0,0,1,1,NULL,NULL),(812,63,138,0,0,1,1,NULL,NULL),(813,64,138,0,0,1,1,NULL,NULL),(814,65,138,0,0,1,1,NULL,NULL),(815,66,138,0,0,1,1,NULL,NULL),(816,67,138,0,0,1,1,NULL,NULL),(817,68,138,0,0,1,1,NULL,NULL),(818,69,138,0,0,1,1,NULL,NULL),(819,72,138,0,0,1,1,NULL,NULL),(820,73,138,0,0,1,1,NULL,NULL),(821,74,138,0,0,1,1,NULL,NULL),(822,76,138,0,0,1,1,NULL,NULL),(823,77,138,0,0,1,1,NULL,NULL),(824,78,138,0,0,1,1,NULL,NULL),(825,79,138,0,0,1,1,NULL,NULL),(826,80,138,0,0,1,1,NULL,NULL),(827,81,138,0,0,1,1,NULL,NULL),(828,42,140,1,0,0,1,NULL,NULL),(829,2,141,0,0,1,1,NULL,NULL),(830,4,141,0,0,1,1,NULL,NULL),(831,6,141,0,0,1,1,NULL,NULL),(832,7,141,0,0,1,1,NULL,NULL),(833,8,141,0,0,1,1,NULL,NULL),(834,9,141,0,0,1,1,NULL,NULL),(835,10,141,0,0,1,1,NULL,NULL),(836,11,141,0,0,1,1,NULL,NULL),(837,12,141,0,0,1,1,NULL,NULL),(838,13,141,0,0,1,1,NULL,NULL),(839,14,141,0,0,1,1,NULL,NULL),(840,15,141,0,0,1,1,NULL,NULL),(841,16,141,0,0,1,1,NULL,NULL),(842,17,141,0,0,1,1,NULL,NULL),(843,18,141,0,0,1,1,NULL,NULL),(844,19,141,0,0,1,1,NULL,NULL),(845,62,141,0,0,1,1,NULL,NULL),(846,76,141,0,0,1,1,NULL,NULL),(847,5,145,0,0,1,1,NULL,NULL),(848,11,145,0,0,1,1,NULL,NULL),(849,13,145,0,0,1,1,NULL,NULL),(850,17,145,0,0,1,1,NULL,NULL),(851,33,145,0,0,1,1,NULL,NULL),(852,39,145,0,0,1,1,NULL,NULL),(853,44,145,0,0,1,1,NULL,NULL),(854,45,145,0,0,1,1,NULL,NULL),(855,47,145,0,0,1,1,NULL,NULL),(856,57,145,0,0,1,1,NULL,NULL),(857,1,146,0,0,0,1,NULL,NULL),(858,2,146,0,0,0,1,NULL,NULL),(859,3,146,0,0,0,1,NULL,NULL),(860,4,146,0,0,0,1,NULL,NULL),(861,5,146,0,0,0,1,NULL,NULL),(862,6,146,0,0,0,1,NULL,NULL),(863,7,146,0,0,0,1,NULL,NULL),(864,8,146,0,0,0,1,NULL,NULL),(865,9,146,0,0,0,1,NULL,NULL),(866,10,146,0,0,0,1,NULL,NULL),(867,11,146,0,0,0,1,NULL,NULL),(868,12,146,0,0,0,1,NULL,NULL),(869,13,146,0,0,0,1,NULL,NULL),(870,14,146,0,0,0,1,NULL,NULL),(871,15,146,0,0,0,1,NULL,NULL),(872,16,146,0,0,0,1,NULL,NULL),(873,17,146,0,0,0,1,NULL,NULL),(874,18,146,0,0,0,1,NULL,NULL),(875,19,146,0,0,0,1,NULL,NULL),(876,20,146,0,0,0,1,NULL,NULL),(877,21,146,0,0,0,1,NULL,NULL),(878,24,146,0,0,0,1,NULL,NULL),(879,25,146,0,0,0,1,NULL,NULL),(880,26,146,0,0,0,1,NULL,NULL),(881,27,146,0,0,0,1,NULL,NULL),(882,28,146,0,0,0,1,NULL,NULL),(883,29,146,0,0,0,1,NULL,NULL),(884,30,146,0,0,0,1,NULL,NULL),(885,31,146,0,0,0,1,NULL,NULL),(886,32,146,0,0,0,1,NULL,NULL),(887,33,146,0,0,0,1,NULL,NULL),(888,34,146,0,0,0,1,NULL,NULL),(889,35,146,0,0,0,1,NULL,NULL),(890,36,146,0,0,0,1,NULL,NULL),(891,37,146,0,0,0,1,NULL,NULL),(892,38,146,0,0,0,1,NULL,NULL),(893,39,146,0,0,0,1,NULL,NULL),(894,40,146,0,0,0,1,NULL,NULL),(895,41,146,0,0,0,1,NULL,NULL),(896,42,146,0,0,0,1,NULL,NULL),(897,43,146,0,0,0,1,NULL,NULL),(898,44,146,0,0,0,1,NULL,NULL),(899,45,146,0,0,0,1,NULL,NULL),(900,46,146,0,0,0,1,NULL,NULL),(901,47,146,0,0,0,1,NULL,NULL),(902,48,146,0,0,0,1,NULL,NULL),(903,49,146,0,0,0,1,NULL,NULL),(904,50,146,0,0,0,1,NULL,NULL),(905,51,146,0,0,0,1,NULL,NULL),(906,52,146,0,0,0,1,NULL,NULL),(907,53,146,0,0,0,1,NULL,NULL),(908,54,146,0,0,0,1,NULL,NULL),(909,55,146,0,0,0,1,NULL,NULL),(910,56,146,0,0,0,1,NULL,NULL),(911,57,146,0,0,0,1,NULL,NULL),(912,58,146,0,0,0,1,NULL,NULL),(913,59,146,0,0,0,1,NULL,NULL),(914,60,146,0,0,0,1,NULL,NULL),(915,61,146,0,0,0,1,NULL,NULL),(916,62,146,0,0,0,1,NULL,NULL),(917,63,146,0,0,0,1,NULL,NULL),(918,64,146,0,0,0,1,NULL,NULL),(919,65,146,0,0,0,1,NULL,NULL),(920,66,146,0,0,0,1,NULL,NULL),(921,67,146,0,0,0,1,NULL,NULL),(922,68,146,0,0,0,1,NULL,NULL),(923,69,146,0,0,0,1,NULL,NULL),(924,72,146,0,0,0,1,NULL,NULL),(925,73,146,0,0,0,1,NULL,NULL),(926,74,146,0,0,0,1,NULL,NULL),(927,76,146,0,0,0,1,NULL,NULL),(928,77,146,0,0,0,1,NULL,NULL),(929,78,146,0,0,0,1,NULL,NULL),(930,79,146,0,0,0,1,NULL,NULL),(931,80,146,0,0,0,1,NULL,NULL),(932,81,146,0,0,0,1,NULL,NULL),(933,6,147,1,0,0,1,NULL,NULL),(934,28,148,1,0,0,1,NULL,NULL),(935,31,148,1,0,0,1,NULL,NULL),(936,37,148,1,0,0,1,NULL,NULL),(937,43,148,1,0,0,1,NULL,NULL),(938,50,148,1,0,0,1,NULL,NULL),(939,51,148,1,0,0,1,NULL,NULL),(940,52,148,1,0,0,1,NULL,NULL),(941,53,148,1,0,0,1,NULL,NULL),(942,54,148,1,0,0,1,NULL,NULL),(943,64,148,1,0,0,1,NULL,NULL),(944,65,148,1,0,0,1,NULL,NULL),(945,1,149,0,0,0,1,NULL,NULL),(946,2,149,0,0,0,1,NULL,NULL),(947,3,149,0,0,0,1,NULL,NULL),(948,4,149,0,0,0,1,NULL,NULL),(949,5,149,0,0,0,1,NULL,NULL),(950,6,149,0,0,0,1,NULL,NULL),(951,7,149,0,0,0,1,NULL,NULL),(952,8,149,0,0,0,1,NULL,NULL),(953,9,149,0,0,0,1,NULL,NULL),(954,10,149,0,0,0,1,NULL,NULL),(955,11,149,0,0,0,1,NULL,NULL),(956,12,149,0,0,0,1,NULL,NULL),(957,13,149,0,0,0,1,NULL,NULL),(958,14,149,0,0,0,1,NULL,NULL),(959,15,149,0,0,0,1,NULL,NULL),(960,16,149,0,0,0,1,NULL,NULL),(961,17,149,0,0,0,1,NULL,NULL),(962,18,149,0,0,0,1,NULL,NULL),(963,19,149,0,0,0,1,NULL,NULL),(964,20,149,0,0,0,1,NULL,NULL),(965,21,149,0,0,0,1,NULL,NULL),(966,24,149,0,0,0,1,NULL,NULL),(967,25,149,0,0,0,1,NULL,NULL),(968,26,149,0,0,0,1,NULL,NULL),(969,27,149,0,0,0,1,NULL,NULL),(970,28,149,0,0,0,1,NULL,NULL),(971,29,149,0,0,0,1,NULL,NULL),(972,30,149,0,0,0,1,NULL,NULL),(973,31,149,0,0,0,1,NULL,NULL),(974,32,149,0,0,0,1,NULL,NULL),(975,33,149,0,0,0,1,NULL,NULL),(976,34,149,0,0,0,1,NULL,NULL),(977,35,149,0,0,0,1,NULL,NULL),(978,36,149,0,0,0,1,NULL,NULL),(979,37,149,0,0,0,1,NULL,NULL),(980,38,149,0,0,0,1,NULL,NULL),(981,39,149,0,0,0,1,NULL,NULL),(982,40,149,0,0,0,1,NULL,NULL),(983,41,149,0,0,0,1,NULL,NULL),(984,42,149,0,0,0,1,NULL,NULL),(985,43,149,0,0,0,1,NULL,NULL),(986,44,149,0,0,0,1,NULL,NULL),(987,45,149,0,0,0,1,NULL,NULL),(988,46,149,0,0,0,1,NULL,NULL),(989,47,149,0,0,0,1,NULL,NULL),(990,48,149,0,0,0,1,NULL,NULL),(991,49,149,0,0,0,1,NULL,NULL),(992,50,149,0,0,0,1,NULL,NULL),(993,51,149,0,0,0,1,NULL,NULL),(994,52,149,0,0,0,1,NULL,NULL),(995,53,149,0,0,0,1,NULL,NULL),(996,54,149,0,0,0,1,NULL,NULL),(997,55,149,0,0,0,1,NULL,NULL),(998,56,149,0,0,0,1,NULL,NULL),(999,57,149,0,0,0,1,NULL,NULL),(1000,58,149,0,0,0,1,NULL,NULL),(1001,59,149,0,0,0,1,NULL,NULL),(1002,60,149,0,0,0,1,NULL,NULL),(1003,61,149,0,0,0,1,NULL,NULL),(1004,62,149,0,0,0,1,NULL,NULL),(1005,63,149,0,0,0,1,NULL,NULL),(1006,64,149,0,0,0,1,NULL,NULL),(1007,65,149,0,0,0,1,NULL,NULL),(1008,66,149,0,0,0,1,NULL,NULL),(1009,67,149,0,0,0,1,NULL,NULL),(1010,68,149,0,0,0,1,NULL,NULL),(1011,69,149,0,0,0,1,NULL,NULL),(1012,72,149,0,0,0,1,NULL,NULL),(1013,73,149,0,0,0,1,NULL,NULL),(1014,74,149,0,0,0,1,NULL,NULL),(1015,76,149,0,0,0,1,NULL,NULL),(1016,77,149,0,0,0,1,NULL,NULL),(1017,78,149,0,0,0,1,NULL,NULL),(1018,79,149,0,0,0,1,NULL,NULL),(1019,80,149,0,0,0,1,NULL,NULL),(1020,81,149,0,0,0,1,NULL,NULL),(1021,2,151,0,1,0,1,NULL,NULL),(1022,3,151,0,1,0,1,NULL,NULL),(1023,14,151,0,1,0,1,NULL,NULL),(1024,15,151,0,1,0,1,NULL,NULL),(1025,16,151,0,1,0,1,NULL,NULL),(1026,18,151,0,1,0,1,NULL,NULL),(1027,28,151,0,1,0,1,NULL,NULL),(1028,31,151,0,1,0,1,NULL,NULL),(1029,37,151,0,1,0,1,NULL,NULL),(1030,43,151,0,1,0,1,NULL,NULL),(1031,50,151,0,1,0,1,NULL,NULL),(1032,51,151,0,1,0,1,NULL,NULL),(1033,52,151,0,1,0,1,NULL,NULL),(1034,53,151,0,1,0,1,NULL,NULL),(1035,54,151,0,1,0,1,NULL,NULL),(1036,59,151,0,1,0,1,NULL,NULL),(1037,64,151,0,1,0,1,NULL,NULL),(1038,65,151,0,1,0,1,NULL,NULL),(1039,70,151,0,1,0,1,NULL,NULL),(1040,71,151,0,1,0,1,NULL,NULL),(1041,72,151,0,1,0,1,NULL,NULL),(1042,73,151,0,1,0,1,NULL,NULL),(1043,74,151,0,1,0,1,NULL,NULL),(1044,75,151,0,1,0,1,NULL,NULL),(1045,76,151,0,1,0,1,NULL,NULL),(1046,80,151,0,1,0,1,NULL,NULL),(1047,81,151,0,1,0,1,NULL,NULL),(1048,1,152,0,1,0,1,NULL,NULL),(1049,2,152,0,1,0,1,NULL,NULL),(1050,3,152,0,1,0,1,NULL,NULL),(1051,4,152,0,1,0,1,NULL,NULL),(1052,5,152,0,1,0,1,NULL,NULL),(1053,6,152,0,1,0,1,NULL,NULL),(1054,7,152,0,1,0,1,NULL,NULL),(1055,8,152,0,1,0,1,NULL,NULL),(1056,9,152,0,1,0,1,NULL,NULL),(1057,10,152,0,1,0,1,NULL,NULL),(1058,11,152,0,1,0,1,NULL,NULL),(1059,12,152,0,1,0,1,NULL,NULL),(1060,13,152,0,1,0,1,NULL,NULL),(1061,14,152,0,1,0,1,NULL,NULL),(1062,15,152,0,1,0,1,NULL,NULL),(1063,16,152,0,1,0,1,NULL,NULL),(1064,17,152,0,1,0,1,NULL,NULL),(1065,18,152,0,1,0,1,NULL,NULL),(1066,19,152,0,1,0,1,NULL,NULL),(1067,20,152,0,1,0,1,NULL,NULL),(1068,21,152,0,1,0,1,NULL,NULL),(1069,22,152,0,1,0,1,NULL,NULL),(1070,23,152,0,1,0,1,NULL,NULL),(1071,24,152,0,1,0,1,NULL,NULL),(1072,25,152,0,1,0,1,NULL,NULL),(1073,26,152,0,1,0,1,NULL,NULL),(1074,27,152,0,1,0,1,NULL,NULL),(1075,28,152,0,1,0,1,NULL,NULL),(1076,29,152,0,1,0,1,NULL,NULL),(1077,30,152,0,1,0,1,NULL,NULL),(1078,31,152,0,1,0,1,NULL,NULL),(1079,32,152,0,1,0,1,NULL,NULL),(1080,33,152,0,1,0,1,NULL,NULL),(1081,34,152,0,1,0,1,NULL,NULL),(1082,35,152,0,1,0,1,NULL,NULL),(1083,36,152,0,1,0,1,NULL,NULL),(1084,37,152,0,1,0,1,NULL,NULL),(1085,38,152,0,1,0,1,NULL,NULL),(1086,39,152,0,1,0,1,NULL,NULL),(1087,40,152,0,1,0,1,NULL,NULL),(1088,41,152,0,1,0,1,NULL,NULL),(1089,42,152,0,1,0,1,NULL,NULL),(1090,43,152,0,1,0,1,NULL,NULL),(1091,44,152,0,1,0,1,NULL,NULL),(1092,45,152,0,1,0,1,NULL,NULL),(1093,46,152,0,1,0,1,NULL,NULL),(1094,47,152,0,1,0,1,NULL,NULL),(1095,48,152,0,1,0,1,NULL,NULL),(1096,49,152,0,1,0,1,NULL,NULL),(1097,50,152,0,1,0,1,NULL,NULL),(1098,51,152,0,1,0,1,NULL,NULL),(1099,52,152,0,1,0,1,NULL,NULL),(1100,53,152,0,1,0,1,NULL,NULL),(1101,54,152,0,1,0,1,NULL,NULL),(1102,55,152,0,1,0,1,NULL,NULL),(1103,56,152,0,1,0,1,NULL,NULL),(1104,57,152,0,1,0,1,NULL,NULL),(1105,58,152,0,1,0,1,NULL,NULL),(1106,59,152,0,1,0,1,NULL,NULL),(1107,60,152,0,1,0,1,NULL,NULL),(1108,61,152,0,1,0,1,NULL,NULL),(1109,62,152,0,1,0,1,NULL,NULL),(1110,63,152,0,1,0,1,NULL,NULL),(1111,64,152,0,1,0,1,NULL,NULL),(1112,65,152,0,1,0,1,NULL,NULL),(1113,66,152,0,1,0,1,NULL,NULL),(1114,67,152,0,1,0,1,NULL,NULL),(1115,68,152,0,1,0,1,NULL,NULL),(1116,69,152,0,1,0,1,NULL,NULL),(1117,70,152,0,1,0,1,NULL,NULL),(1118,71,152,0,1,0,1,NULL,NULL),(1119,72,152,0,1,0,1,NULL,NULL),(1120,73,152,0,1,0,1,NULL,NULL),(1121,74,152,0,1,0,1,NULL,NULL),(1122,75,152,0,1,0,1,NULL,NULL),(1123,76,152,0,1,0,1,NULL,NULL),(1124,77,152,0,1,0,1,NULL,NULL),(1125,78,152,0,1,0,1,NULL,NULL),(1126,79,152,0,1,0,1,NULL,NULL),(1127,80,152,0,1,0,1,NULL,NULL),(1128,81,152,0,1,0,1,NULL,NULL),(1129,7,153,1,0,0,1,NULL,NULL),(1130,7,154,1,0,0,1,NULL,NULL),(1131,41,154,1,0,0,1,NULL,NULL),(1132,58,154,1,0,0,1,NULL,NULL),(1133,24,155,0,1,0,1,NULL,NULL),(1134,25,155,0,1,0,1,NULL,NULL),(1135,62,155,0,1,0,1,NULL,NULL),(1136,63,155,0,1,0,1,NULL,NULL),(1137,66,155,0,1,0,1,NULL,NULL),(1138,67,155,0,1,0,1,NULL,NULL),(1139,68,155,0,1,0,1,NULL,NULL),(1140,69,155,0,1,0,1,NULL,NULL),(1141,5,156,1,0,0,1,NULL,NULL),(1142,7,156,1,0,0,1,NULL,NULL),(1143,9,156,1,0,0,1,NULL,NULL),(1144,12,156,1,0,0,1,NULL,NULL),(1145,17,156,1,0,0,1,NULL,NULL),(1146,19,156,1,0,0,1,NULL,NULL),(1147,26,156,1,0,0,1,NULL,NULL),(1148,27,156,1,0,0,1,NULL,NULL),(1149,29,156,1,0,0,1,NULL,NULL),(1150,38,156,1,0,0,1,NULL,NULL),(1151,39,156,1,0,0,1,NULL,NULL),(1152,40,156,1,0,0,1,NULL,NULL),(1153,41,156,1,0,0,1,NULL,NULL),(1154,42,156,1,0,0,1,NULL,NULL),(1155,44,156,1,0,0,1,NULL,NULL),(1156,45,156,1,0,0,1,NULL,NULL),(1157,46,156,0,0,0,1,NULL,NULL),(1158,55,156,1,0,0,1,NULL,NULL),(1159,56,156,1,0,0,1,NULL,NULL),(1160,57,156,1,0,0,1,NULL,NULL),(1161,58,156,1,0,0,1,NULL,NULL),(1162,22,157,1,0,0,1,NULL,NULL),(1163,23,157,1,0,0,1,NULL,NULL),(1164,7,158,0,0,1,1,NULL,NULL),(1165,9,158,0,0,1,1,NULL,NULL),(1166,19,158,0,0,1,1,NULL,NULL),(1167,32,158,0,0,1,1,NULL,NULL),(1168,40,158,0,0,1,1,NULL,NULL),(1169,41,158,0,0,1,1,NULL,NULL),(1170,42,158,0,0,1,1,NULL,NULL),(1171,45,158,0,0,1,1,NULL,NULL),(1172,46,158,0,0,1,1,NULL,NULL),(1173,50,158,0,0,1,1,NULL,NULL),(1174,58,158,0,0,1,1,NULL,NULL),(1175,4,159,1,0,0,1,NULL,NULL),(1176,6,159,1,0,0,1,NULL,NULL),(1177,8,159,1,0,0,1,NULL,NULL),(1178,10,159,1,0,0,1,NULL,NULL),(1179,11,159,1,0,0,1,NULL,NULL),(1180,13,159,1,0,0,1,NULL,NULL),(1181,30,159,1,0,0,1,NULL,NULL),(1182,32,159,1,0,0,1,NULL,NULL),(1183,33,159,1,0,0,1,NULL,NULL),(1184,34,159,1,0,0,1,NULL,NULL),(1185,35,159,1,0,0,1,NULL,NULL),(1186,36,159,1,0,0,1,NULL,NULL),(1187,47,159,1,0,0,1,NULL,NULL),(1188,48,159,1,0,0,1,NULL,NULL),(1189,23,162,0,0,1,1,NULL,NULL),(1190,66,162,0,0,1,1,NULL,NULL),(1191,67,162,0,0,1,1,NULL,NULL),(1192,4,163,1,0,0,1,NULL,NULL),(1193,6,163,1,0,0,1,NULL,NULL),(1194,8,163,1,0,0,1,NULL,NULL),(1195,10,163,1,0,0,1,NULL,NULL),(1196,11,163,1,0,0,1,NULL,NULL),(1197,32,163,1,0,0,1,NULL,NULL),(1198,33,163,1,0,0,1,NULL,NULL),(1199,34,163,1,0,0,1,NULL,NULL),(1200,35,163,1,0,0,1,NULL,NULL),(1201,36,163,1,0,0,1,NULL,NULL),(1202,47,163,1,0,0,1,NULL,NULL),(1203,48,163,1,0,0,1,NULL,NULL),(1204,13,164,0,1,0,1,NULL,NULL),(1205,14,165,1,0,0,1,NULL,NULL),(1206,16,165,1,0,0,1,NULL,NULL),(1207,43,165,1,0,0,1,NULL,NULL),(1208,13,166,1,0,0,1,NULL,NULL),(1209,23,168,1,0,0,1,NULL,NULL),(1210,2,169,1,0,0,0,NULL,NULL),(1211,5,169,1,0,0,0,NULL,NULL),(1212,6,169,0,0,1,0,NULL,NULL),(1213,7,169,0,0,1,0,NULL,NULL),(1214,8,169,0,1,0,0,NULL,NULL),(1215,9,169,1,0,0,0,NULL,NULL),(1216,10,169,0,0,1,0,NULL,NULL),(1217,11,169,1,0,0,1,NULL,NULL),(1218,12,169,0,1,0,0,NULL,NULL),(1219,13,169,1,0,0,0,NULL,NULL),(1220,16,169,0,0,1,0,NULL,NULL),(1221,17,169,1,0,0,0,NULL,NULL),(1222,18,169,1,0,0,0,NULL,NULL),(1223,39,169,1,0,0,0,NULL,NULL),(1224,41,169,1,0,0,0,NULL,NULL),(1225,58,169,1,0,0,0,NULL,NULL),(1226,66,169,0,0,1,0,NULL,NULL),(1227,67,169,1,0,0,0,NULL,NULL),(1228,70,169,1,0,0,0,NULL,NULL),(1229,72,169,0,0,1,0,NULL,NULL),(1230,81,169,0,1,0,0,NULL,NULL),(1231,12,170,1,0,0,1,NULL,NULL),(1232,55,170,1,0,0,1,NULL,NULL),(1233,15,171,1,0,0,1,NULL,NULL),(1234,81,171,1,0,0,1,NULL,NULL),(1235,1,172,0,1,0,0,NULL,NULL),(1236,2,172,0,1,0,0,NULL,NULL),(1237,3,172,0,1,0,0,NULL,NULL),(1238,4,172,0,1,0,0,NULL,NULL),(1239,5,172,0,1,0,0,NULL,NULL),(1240,6,172,0,1,0,0,NULL,NULL),(1241,7,172,0,0,0,0,NULL,NULL),(1242,8,172,0,0,0,0,NULL,NULL),(1243,9,172,0,0,0,0,NULL,NULL),(1244,10,172,0,0,0,0,NULL,NULL),(1245,11,172,0,0,0,0,NULL,NULL),(1246,12,172,0,0,0,0,NULL,NULL),(1247,13,172,0,0,0,0,NULL,NULL),(1248,14,172,0,0,0,0,NULL,NULL),(1249,15,172,0,0,0,0,NULL,NULL),(1250,16,172,0,0,0,0,NULL,NULL),(1251,17,172,0,0,0,0,NULL,NULL),(1252,18,172,0,0,0,0,NULL,NULL),(1253,19,172,0,0,0,0,NULL,NULL),(1254,20,172,0,0,0,0,NULL,NULL),(1255,21,172,0,0,0,0,NULL,NULL),(1256,22,172,0,0,0,0,NULL,NULL),(1257,23,172,0,0,0,0,NULL,NULL),(1258,24,172,0,0,0,0,NULL,NULL),(1259,25,172,0,0,0,0,NULL,NULL),(1260,26,172,0,0,0,0,NULL,NULL),(1261,27,172,0,0,0,0,NULL,NULL),(1262,28,172,0,0,0,0,NULL,NULL),(1263,29,172,0,0,0,0,NULL,NULL),(1264,30,172,0,0,0,0,NULL,NULL),(1265,31,172,0,0,0,0,NULL,NULL),(1266,32,172,0,0,0,0,NULL,NULL),(1267,33,172,0,0,0,0,NULL,NULL),(1268,34,172,0,0,0,0,NULL,NULL),(1269,35,172,0,0,0,0,NULL,NULL),(1270,36,172,0,0,0,0,NULL,NULL),(1271,37,172,0,0,0,0,NULL,NULL),(1272,38,172,0,0,0,0,NULL,NULL),(1273,39,172,0,0,0,0,NULL,NULL),(1274,40,172,0,0,0,0,NULL,NULL),(1275,41,172,0,0,0,0,NULL,NULL),(1276,42,172,0,0,0,0,NULL,NULL),(1277,43,172,0,0,0,0,NULL,NULL),(1278,44,172,0,0,0,0,NULL,NULL),(1279,45,172,0,0,0,0,NULL,NULL),(1280,46,172,0,0,0,0,NULL,NULL),(1281,47,172,0,0,0,0,NULL,NULL),(1282,48,172,0,0,0,0,NULL,NULL),(1283,49,172,0,0,0,0,NULL,NULL),(1284,50,172,0,0,0,0,NULL,NULL),(1285,51,172,0,0,0,0,NULL,NULL),(1286,52,172,0,0,0,0,NULL,NULL),(1287,53,172,0,0,0,0,NULL,NULL),(1288,54,172,0,0,0,0,NULL,NULL),(1289,55,172,0,0,0,0,NULL,NULL),(1290,56,172,0,0,0,0,NULL,NULL),(1291,57,172,0,0,0,0,NULL,NULL),(1292,58,172,0,0,0,0,NULL,NULL),(1293,59,172,0,0,0,0,NULL,NULL),(1294,60,172,0,0,0,0,NULL,NULL),(1295,61,172,0,0,0,0,NULL,NULL),(1296,62,172,0,0,0,0,NULL,NULL),(1297,63,172,0,0,0,0,NULL,NULL),(1298,64,172,0,0,0,0,NULL,NULL),(1299,65,172,0,0,0,0,NULL,NULL),(1300,66,172,0,0,0,0,NULL,NULL),(1301,67,172,0,0,0,0,NULL,NULL),(1302,68,172,0,0,0,0,NULL,NULL),(1303,69,172,0,0,0,0,NULL,NULL),(1304,70,172,0,0,0,0,NULL,NULL),(1305,71,172,0,0,0,0,NULL,NULL),(1306,72,172,0,0,0,0,NULL,NULL),(1307,73,172,0,0,0,0,NULL,NULL),(1308,74,172,0,0,0,0,NULL,NULL),(1309,75,172,0,0,0,0,NULL,NULL),(1310,76,172,0,0,0,0,NULL,NULL),(1311,77,172,0,0,0,0,NULL,NULL),(1312,78,172,0,0,0,0,NULL,NULL),(1313,79,172,0,0,0,0,NULL,NULL),(1314,80,172,0,0,0,0,NULL,NULL),(1315,81,172,0,0,0,0,NULL,NULL),(1316,5,173,1,0,0,1,NULL,NULL),(1317,7,173,1,0,0,1,NULL,NULL),(1318,9,173,1,0,0,1,NULL,NULL),(1319,12,173,1,0,0,1,NULL,NULL),(1320,17,173,1,0,0,1,NULL,NULL),(1321,19,173,1,0,0,1,NULL,NULL),(1322,26,173,1,0,0,1,NULL,NULL),(1323,27,173,1,0,0,1,NULL,NULL),(1324,29,173,1,0,0,1,NULL,NULL),(1325,38,173,1,0,0,1,NULL,NULL),(1326,39,173,1,0,0,1,NULL,NULL),(1327,40,173,1,0,0,1,NULL,NULL),(1328,41,173,1,0,0,1,NULL,NULL),(1329,42,173,1,0,0,1,NULL,NULL),(1330,44,173,1,0,0,1,NULL,NULL),(1331,45,173,1,0,0,1,NULL,NULL),(1332,46,173,1,0,0,1,NULL,NULL),(1333,55,173,1,0,0,1,NULL,NULL),(1334,56,173,1,0,0,1,NULL,NULL),(1335,57,173,1,0,0,1,NULL,NULL),(1336,58,173,1,0,0,1,NULL,NULL),(1337,1,174,0,0,0,0,NULL,NULL),(1338,2,174,0,0,0,0,NULL,NULL),(1339,3,174,0,0,0,0,NULL,NULL),(1340,4,174,0,0,0,0,NULL,NULL),(1341,5,174,0,0,0,0,NULL,NULL),(1342,6,174,0,0,0,0,NULL,NULL),(1343,7,174,0,0,0,0,NULL,NULL),(1344,8,174,0,0,0,0,NULL,NULL),(1345,9,174,0,0,0,0,NULL,NULL),(1346,10,174,0,0,0,0,NULL,NULL),(1347,11,174,0,0,0,0,NULL,NULL),(1348,12,174,0,0,0,0,NULL,NULL),(1349,13,174,0,0,0,0,NULL,NULL),(1350,14,174,0,0,0,0,NULL,NULL),(1351,15,174,0,0,0,0,NULL,NULL),(1352,16,174,0,0,0,0,NULL,NULL),(1353,17,174,0,0,0,0,NULL,NULL),(1354,18,174,0,0,0,0,NULL,NULL),(1355,19,174,0,0,0,0,NULL,NULL),(1356,20,174,0,0,0,0,NULL,NULL),(1357,21,174,0,0,0,0,NULL,NULL),(1358,22,174,0,0,0,0,NULL,NULL),(1359,23,174,0,0,0,0,NULL,NULL),(1360,24,174,0,0,0,0,NULL,NULL),(1361,25,174,0,0,0,0,NULL,NULL),(1362,26,174,0,0,0,0,NULL,NULL),(1363,27,174,0,0,0,0,NULL,NULL),(1364,28,174,0,0,0,0,NULL,NULL),(1365,29,174,0,0,0,0,NULL,NULL),(1366,30,174,0,0,0,0,NULL,NULL),(1367,31,174,0,0,0,0,NULL,NULL),(1368,32,174,0,0,0,0,NULL,NULL),(1369,33,174,0,0,0,0,NULL,NULL),(1370,34,174,0,0,0,0,NULL,NULL),(1371,35,174,0,0,0,0,NULL,NULL),(1372,36,174,0,0,0,0,NULL,NULL),(1373,37,174,0,0,0,0,NULL,NULL),(1374,38,174,0,0,0,0,NULL,NULL),(1375,39,174,0,0,0,0,NULL,NULL),(1376,40,174,0,0,0,0,NULL,NULL),(1377,41,174,0,0,0,0,NULL,NULL),(1378,42,174,0,0,0,0,NULL,NULL),(1379,43,174,0,0,0,0,NULL,NULL),(1380,44,174,0,0,0,0,NULL,NULL),(1381,45,174,0,0,0,0,NULL,NULL),(1382,46,174,0,0,0,0,NULL,NULL),(1383,47,174,0,0,0,0,NULL,NULL),(1384,48,174,0,0,0,0,NULL,NULL),(1385,49,174,0,0,0,0,NULL,NULL),(1386,50,174,0,0,0,0,NULL,NULL),(1387,51,174,0,0,0,0,NULL,NULL),(1388,52,174,0,0,0,0,NULL,NULL),(1389,53,174,0,0,0,0,NULL,NULL),(1390,54,174,0,0,0,0,NULL,NULL),(1391,55,174,0,0,0,0,NULL,NULL),(1392,56,174,0,0,0,0,NULL,NULL),(1393,57,174,0,0,0,0,NULL,NULL),(1394,58,174,0,0,0,0,NULL,NULL),(1395,59,174,0,0,0,0,NULL,NULL),(1396,60,174,0,0,0,0,NULL,NULL),(1397,61,174,0,0,0,0,NULL,NULL),(1398,62,174,0,0,0,0,NULL,NULL),(1399,63,174,0,0,0,0,NULL,NULL),(1400,64,174,0,0,0,0,NULL,NULL),(1401,65,174,0,0,0,0,NULL,NULL),(1402,66,174,0,0,0,0,NULL,NULL),(1403,67,174,0,0,0,0,NULL,NULL),(1404,68,174,0,0,0,0,NULL,NULL),(1405,69,174,0,0,0,0,NULL,NULL),(1406,70,174,0,0,0,0,NULL,NULL),(1407,71,174,0,0,0,0,NULL,NULL),(1408,72,174,0,0,0,0,NULL,NULL),(1409,73,174,0,0,0,0,NULL,NULL),(1410,74,174,0,0,0,0,NULL,NULL),(1411,75,174,0,0,0,0,NULL,NULL),(1412,76,174,0,0,0,0,NULL,NULL),(1413,77,174,0,0,0,0,NULL,NULL),(1414,78,174,0,0,0,0,NULL,NULL),(1415,79,174,0,0,0,0,NULL,NULL),(1416,80,174,0,0,0,0,NULL,NULL),(1417,81,174,0,0,0,0,NULL,NULL),(1418,19,175,1,0,0,1,NULL,NULL),(1419,42,175,1,0,0,1,NULL,NULL),(1420,46,175,1,0,0,1,NULL,NULL),(1421,2,177,1,0,0,1,NULL,NULL),(1422,15,177,1,0,0,1,NULL,NULL),(1423,18,177,1,0,0,1,NULL,NULL),(1424,81,177,1,0,0,1,NULL,NULL),(1425,14,178,0,0,1,0,NULL,NULL),(1426,15,178,0,0,1,0,NULL,NULL),(1427,31,178,0,0,1,0,NULL,NULL),(1428,50,178,0,0,1,0,NULL,NULL),(1429,51,178,0,0,1,0,NULL,NULL),(1430,59,178,0,0,1,0,NULL,NULL),(1431,62,178,0,0,1,0,NULL,NULL),(1432,64,178,0,0,1,0,NULL,NULL),(1433,81,178,0,0,1,0,NULL,NULL),(1434,19,179,1,0,0,1,NULL,NULL),(1435,42,179,1,0,0,1,NULL,NULL),(1436,46,179,1,0,0,1,NULL,NULL),(1437,3,180,1,0,0,1,NULL,NULL),(1438,6,180,1,0,0,1,NULL,NULL),(1439,11,180,1,0,0,1,NULL,NULL),(1440,70,180,1,0,0,1,NULL,NULL),(1441,71,180,1,0,0,1,NULL,NULL),(1442,72,180,1,0,0,1,NULL,NULL),(1443,73,180,1,0,0,1,NULL,NULL),(1444,74,180,1,0,0,1,NULL,NULL),(1445,75,180,1,0,0,1,NULL,NULL),(1446,66,181,1,0,0,1,NULL,NULL),(1447,67,181,1,0,0,0,NULL,NULL),(1448,9,182,1,0,0,1,NULL,NULL),(1449,41,182,1,0,0,1,NULL,NULL),(1450,58,182,1,0,0,1,NULL,NULL);
/*!40000 ALTER TABLE `location_users` ENABLE KEYS */;
UNLOCK TABLES;

--
-- Table structure for table `locations`
--

DROP TABLE IF EXISTS `locations`;
/*!40101 SET @saved_cs_client     = @@character_set_client */;
/*!50503 SET character_set_client = utf8mb4 */;
CREATE TABLE `locations` (
  `id` bigint unsigned NOT NULL AUTO_INCREMENT,
  `code` varchar(255) COLLATE utf8mb4_unicode_ci NOT NULL,
  `name` varchar(255) CHARACTER SET utf8mb4 COLLATE utf8mb4_unicode_ci NOT NULL,
  `project_id` bigint unsigned NOT NULL,
  `sequence` int NOT NULL DEFAULT '1',
  `created_at` timestamp NULL DEFAULT NULL,
  `updated_at` timestamp NULL DEFAULT NULL,
  PRIMARY KEY (`id`),
  UNIQUE KEY `code_UNIQUE` (`code`),
  UNIQUE KEY `name_UNIQUE` (`name`),
  KEY `locations_project_id_foreign` (`project_id`),
  CONSTRAINT `locations_project_id_foreign` FOREIGN KEY (`project_id`) REFERENCES `projects` (`id`) ON DELETE RESTRICT ON UPDATE CASCADE
) ENGINE=InnoDB AUTO_INCREMENT=82 DEFAULT CHARSET=utf8mb4 COLLATE=utf8mb4_unicode_ci;
/*!40101 SET character_set_client = @saved_cs_client */;

--
-- Dumping data for table `locations`
--

LOCK TABLES `locations` WRITE;
/*!40000 ALTER TABLE `locations` DISABLE KEYS */;
INSERT INTO `locations` VALUES (1,'CONDORN','CAÑÓN DE PASO CÓNDOR ÑAN',1,1,NULL,NULL),(2,'ECT','ESTACIÓN CARDENAL DE LA TORRE',1,1632,NULL,NULL),(3,'EESMERA','TRT ESTACIONAMIENTO ESMERALDAS',1,95,NULL,NULL),(4,'EFS','FONDO DE SACO',1,730,NULL,NULL),(5,'EIM','INTERCAMBIADOR 24 DE MAYO',1,1766,NULL,NULL),(6,'EIQ','ESTACIÓN IÑAQUITO',1,1495,NULL,NULL),(7,'EJO','ESTACIÓN EL EJIDO',1,1732,NULL,NULL),(8,'EJP','ESTACIÓN JIPIJAPA',1,1822,NULL,NULL),(9,'ELA','ESTACIÓN LA ALAMEDA',1,1639,NULL,NULL),(10,'ELB','ESTACIÓN EL LABRADOR',1,1411,NULL,NULL),(11,'ELC','ESTACIÓN LA CAROLINA',1,1922,NULL,NULL),(12,'ELM','ESTACIÓN LA MAGDALENA',1,1173,NULL,NULL),(13,'ELP','ESTACIÓN LA PRADERA',1,1615,NULL,NULL),(14,'EMV','ESTACIÓN MORÁN VALVERDE',1,1576,NULL,NULL),(15,'EQT','ESTACIÓN QUITUMBE',1,821,NULL,NULL),(16,'ERC','ESTACIÓN EL RECREO',1,1446,NULL,NULL),(17,'ESF','ESTACIÓN SAN FRANCISCO',1,1655,NULL,NULL),(18,'ESL','ESTACIÓN SOLANDA',1,1221,NULL,NULL),(19,'EUC','ESTACIÓN UNIVERSIDAD CENTRAL',1,1216,NULL,NULL),(20,'FDN','FABRICA DOVELAS NORTE',1,1,NULL,NULL),(21,'FDS','FABRICA DOVELAS SUR',1,1,NULL,NULL),(22,'HDRN','HORMIGON DE RELLENO NORTE',1,1,NULL,NULL),(23,'HDRS','HORMIGON DE RELLENO SUR',1,109,NULL,NULL),(24,'OCA1','OBRA CIVIL ALIMENTADOR 1',1,1,NULL,NULL),(25,'OCA2','OBRA CIVIL ALIMENTADOR 2',1,1,NULL,NULL),(26,'OCA3','OBRA CIVIL ALIMENTADOR 3',1,1,NULL,NULL),(27,'OPGGAL','COLECTOR GALTE',1,1,NULL,NULL),(28,'OPGPB3','POZO DE BOMBEO 3',1,484,NULL,NULL),(29,'OPGPB5','POZO DE BOMBEO 5',1,746,NULL,NULL),(30,'OPGPN','COLECTOR PRENSA NUEVO',1,1,NULL,NULL),(31,'OPGPV1','POZO DE VENTILACIÓN 1',1,669,NULL,NULL),(32,'OPGPV10','POZO DE VENTILACIÓN 10',1,369,NULL,NULL),(33,'OPGPV11','POZO DE VENTILACIÓN 11 Y POZO DE BOMBEO 10',1,806,NULL,NULL),(34,'OPGPV12','POZO DE VENTILACIÓN 12',1,686,NULL,NULL),(35,'OPGPV13','POZO DE VENTILACIÓN 13',1,743,NULL,NULL),(36,'OPGPV14','POZO DE VENTILACIÓN 14 Y POZO DE BOMBEO 13',1,875,NULL,NULL),(37,'OPGPV4','POZO DE VENTILACIÓN 4 Y POZO DE BOMBEO 4',1,625,NULL,NULL),(38,'OPGPV5','POZO DE VENTILACIÓN 5',1,812,NULL,NULL),(39,'OPGPV6','POZO DE VENTILACIÓN 6',1,557,NULL,NULL),(40,'OPGPV7','POZO DE VENTILACIÓN 7 Y POZO DE BOMBEO 7',1,604,NULL,NULL),(41,'OPGPV8','POZO DE VENTILACIÓN 8',1,537,NULL,NULL),(42,'OPGPV9','POZO DE VENTILACIÓN 9',1,375,NULL,NULL),(43,'OPGRG','COLECTOR RÍO GRANDE',1,620,NULL,NULL),(44,'OPGSC','GALERÍA SANTA CLARA',1,2036,NULL,NULL),(45,'OPGSE10','SALIDA DE EMERGENCIA 10',1,620,NULL,NULL),(46,'OPGSE11','SALIDA DE EMERGENCIA 11',1,597,NULL,NULL),(47,'OPGSE12','SALIDA DE EMERGENCIA 12',1,855,NULL,NULL),(48,'OPGSE13','SALIDA DE EMERGENCIA 13',1,809,NULL,NULL),(49,'OPGSE14','SALIDA DE EMERGENCIA 14',1,1,NULL,NULL),(50,'OPGSE2','SALIDA DE EMERGENCIA 2',1,589,NULL,NULL),(51,'OPGSE3','SALIDA DE EMERGENCIA 3',1,1044,NULL,NULL),(52,'OPGSE4','SALIDA DE EMERGENCIA 4',1,647,NULL,NULL),(53,'OPGSE5','SALIDA DE EMERGENCIA 5',1,594,NULL,NULL),(54,'OPGSE6','SALIDA DE EMERGENCIA 6',1,379,NULL,NULL),(55,'OPGSE7','SALIDA DE EMERGENCIA 7',1,781,NULL,NULL),(56,'OPGSE8','SALIDA DE EMERGENCIA 8',1,697,NULL,NULL),(57,'OPGSE9','SALIDA DE EMERGENCIA 9',1,715,NULL,NULL),(58,'PEA','POZO DE EXTRACCIÓN EL ARBOLITO',1,317,NULL,NULL),(59,'PEQ','POZO DE EXTRACCIÓN QUITUMBE',1,273,NULL,NULL),(60,'PHN','PLANTA DE HORMIGÓN NORTE',1,2,NULL,NULL),(61,'PHS','PLANTA DE HORMIGÓN SUR',1,3,NULL,NULL),(62,'PTC','TALLERES Y COCHERAS',1,1555,NULL,NULL),(63,'PTCQO','QUEBRADA ORTEGA',1,1,NULL,NULL),(64,'PV2','POZO DE VENTILACIÓN 2',1,669,NULL,NULL),(65,'PV3','POZO DE VENTILACIÓN 3',1,516,NULL,NULL),(66,'SEVN','SUPEREST VIA NORTE FONDO DE SACO HASTA S FRANCISCO',1,396,NULL,NULL),(67,'SEVS','SUPEREST VIA SUR S FRANCISCO HASTA TALLERES ',1,412,NULL,NULL),(68,'TAPTC','TÚNEL ACCESO A COCHERAS',1,1,NULL,NULL),(69,'TPQ','TÚNEL POZO ESTACIÓN QUITUMBE',1,1,NULL,NULL),(70,'TRTPB3','TRT POZO DE BOMBEO 3',1,178,NULL,NULL),(71,'TRTPV13','TRT POZO DE VENTILACIÓN 13',1,22,NULL,NULL),(72,'TRTPV4','TRT POZO DE VENTILACIÓN 4',1,138,NULL,NULL),(73,'TRTSE10','TRT SALIDA DE EMERGENCIA 10',1,26,NULL,NULL),(74,'TRTSE13','TRT SALIDA DE EMERGENCIA 13',1,50,NULL,NULL),(75,'TRTSE6','TRT SALIDA DE EMERGENCIA 6',1,81,NULL,NULL),(76,'VBC','VERTEDERO BICENTENARIO',1,1,NULL,NULL),(77,'VC3','VERTEDERO CASANTOPAMBA',1,1,NULL,NULL),(78,'VD','VERTEDERO DOVELAS',1,75,NULL,NULL),(79,'VDN','VERTEDERO DOVELAS NORTE',1,1,NULL,NULL),(80,'VP5','VERTEDERO PUERTA 5',1,52,NULL,NULL),(81,'VQT','VARIANTE QUITUMBE',1,1379,NULL,NULL);
/*!40000 ALTER TABLE `locations` ENABLE KEYS */;
UNLOCK TABLES;

--
-- Table structure for table `menus`
--

DROP TABLE IF EXISTS `menus`;
/*!40101 SET @saved_cs_client     = @@character_set_client */;
/*!50503 SET character_set_client = utf8mb4 */;
CREATE TABLE `menus` (
  `id` bigint unsigned NOT NULL AUTO_INCREMENT,
  `name` varchar(255) CHARACTER SET utf8mb4 COLLATE utf8mb4_unicode_ci NOT NULL,
  `created_at` timestamp NULL DEFAULT NULL,
  `updated_at` timestamp NULL DEFAULT NULL,
  PRIMARY KEY (`id`)
) ENGINE=InnoDB DEFAULT CHARSET=utf8mb4 COLLATE=utf8mb4_unicode_ci;
/*!40101 SET character_set_client = @saved_cs_client */;

--
-- Dumping data for table `menus`
--

LOCK TABLES `menus` WRITE;
/*!40000 ALTER TABLE `menus` DISABLE KEYS */;
/*!40000 ALTER TABLE `menus` ENABLE KEYS */;
UNLOCK TABLES;

--
-- Table structure for table `migrations`
--

DROP TABLE IF EXISTS `migrations`;
/*!40101 SET @saved_cs_client     = @@character_set_client */;
/*!50503 SET character_set_client = utf8mb4 */;
CREATE TABLE `migrations` (
  `id` int unsigned NOT NULL AUTO_INCREMENT,
  `migration` varchar(255) CHARACTER SET utf8mb4 COLLATE utf8mb4_unicode_ci NOT NULL,
  `batch` int NOT NULL,
  PRIMARY KEY (`id`)
) ENGINE=InnoDB AUTO_INCREMENT=17 DEFAULT CHARSET=utf8mb4 COLLATE=utf8mb4_unicode_ci;
/*!40101 SET character_set_client = @saved_cs_client */;

--
-- Dumping data for table `migrations`
--

LOCK TABLES `migrations` WRITE;
/*!40000 ALTER TABLE `migrations` DISABLE KEYS */;
INSERT INTO `migrations` VALUES (1,'2014_10_12_100000_create_password_resets_table',1),(2,'2019_08_19_000000_create_failed_jobs_table',1),(3,'2020_09_24_025339_create_roles_table',1),(4,'2020_09_24_031536_create_projects_table',1),(5,'2020_09_24_031630_create_locations_table',1),(6,'2020_09_24_032021_create_equipment_table',1),(7,'2020_09_24_032057_create_menus_table',1),(8,'2020_09_24_163849_create_contractors_table',1),(9,'2020_09_24_164156_create_positions_table',1),(10,'2020_09_24_164354_create_periods_table',1),(11,'2020_10_12_000000_create_users_table',1),(12,'2020_09_24_164700_create_sectors_table',2),(13,'2020_09_24_031559_create_offices_table',3),(15,'2020_09_26_210911_create_permits_table',4),(16,'2020_09_26_210226_create_location_users_table',5);
/*!40000 ALTER TABLE `migrations` ENABLE KEYS */;
UNLOCK TABLES;

--
-- Table structure for table `offices`
--

DROP TABLE IF EXISTS `offices`;
/*!40101 SET @saved_cs_client     = @@character_set_client */;
/*!50503 SET character_set_client = utf8mb4 */;
CREATE TABLE `offices` (
  `id` bigint unsigned NOT NULL AUTO_INCREMENT,
  `created_at` timestamp NULL DEFAULT NULL,
  `updated_at` timestamp NULL DEFAULT NULL,
  PRIMARY KEY (`id`)
) ENGINE=InnoDB DEFAULT CHARSET=utf8mb4 COLLATE=utf8mb4_unicode_ci;
/*!40101 SET character_set_client = @saved_cs_client */;

--
-- Dumping data for table `offices`
--

LOCK TABLES `offices` WRITE;
/*!40000 ALTER TABLE `offices` DISABLE KEYS */;
/*!40000 ALTER TABLE `offices` ENABLE KEYS */;
UNLOCK TABLES;

--
-- Table structure for table `password_resets`
--

DROP TABLE IF EXISTS `password_resets`;
/*!40101 SET @saved_cs_client     = @@character_set_client */;
/*!50503 SET character_set_client = utf8mb4 */;
CREATE TABLE `password_resets` (
  `email` varchar(255) CHARACTER SET utf8mb4 COLLATE utf8mb4_unicode_ci NOT NULL,
  `token` varchar(255) CHARACTER SET utf8mb4 COLLATE utf8mb4_unicode_ci NOT NULL,
  `created_at` timestamp NULL DEFAULT NULL,
  KEY `password_resets_email_index` (`email`)
) ENGINE=InnoDB DEFAULT CHARSET=utf8mb4 COLLATE=utf8mb4_unicode_ci;
/*!40101 SET character_set_client = @saved_cs_client */;

--
-- Dumping data for table `password_resets`
--

LOCK TABLES `password_resets` WRITE;
/*!40000 ALTER TABLE `password_resets` DISABLE KEYS */;
/*!40000 ALTER TABLE `password_resets` ENABLE KEYS */;
UNLOCK TABLES;

--
-- Table structure for table `periods`
--

DROP TABLE IF EXISTS `periods`;
/*!40101 SET @saved_cs_client     = @@character_set_client */;
/*!50503 SET character_set_client = utf8mb4 */;
CREATE TABLE `periods` (
  `id` bigint unsigned NOT NULL AUTO_INCREMENT,
  `name` varchar(255) CHARACTER SET utf8mb4 COLLATE utf8mb4_unicode_ci NOT NULL,
  `start` time NOT NULL,
  `finish` time NOT NULL,
  `nextday` tinyint(1) NOT NULL,
  `created_at` timestamp NULL DEFAULT NULL,
  `updated_at` timestamp NULL DEFAULT NULL,
  PRIMARY KEY (`id`)
) ENGINE=InnoDB AUTO_INCREMENT=7 DEFAULT CHARSET=utf8mb4 COLLATE=utf8mb4_unicode_ci;
/*!40101 SET character_set_client = @saved_cs_client */;

--
-- Dumping data for table `periods`
--

LOCK TABLES `periods` WRITE;
/*!40000 ALTER TABLE `periods` DISABLE KEYS */;
INSERT INTO `periods` VALUES (1,'DIURNO','07:00:00','15:00:00',0,NULL,NULL),(2,'DIURNO 12 HORAS','07:00:00','19:00:00',0,NULL,NULL),(3,'INTERMEDIO','15:00:00','23:00:00',0,NULL,NULL),(4,'NOCTURNO','23:00:00','07:00:00',1,NULL,NULL),(5,'NOCTURNO 12 HORAS','19:00:00','07:00:00',1,NULL,NULL),(6,'UNICO 24 HORAS','07:00:00','07:00:00',1,NULL,NULL);
/*!40000 ALTER TABLE `periods` ENABLE KEYS */;
UNLOCK TABLES;

--
-- Table structure for table `permits`
--

DROP TABLE IF EXISTS `permits`;
/*!40101 SET @saved_cs_client     = @@character_set_client */;
/*!50503 SET character_set_client = utf8mb4 */;
CREATE TABLE `permits` (
  `id` bigint unsigned NOT NULL AUTO_INCREMENT,
  `user_id` bigint unsigned NOT NULL,
  `create_workbook` tinyint(1) NOT NULL DEFAULT '0',
  `create_report` tinyint(1) NOT NULL DEFAULT '0',
  `create_note` tinyint(1) NOT NULL DEFAULT '0',
  `create_comment` tinyint(1) NOT NULL DEFAULT '0',
  `print_report` tinyint(1) NOT NULL DEFAULT '0',
  `print_note` tinyint(1) NOT NULL DEFAULT '0',
  `receive_email` tinyint(1) NOT NULL DEFAULT '0',
  `sign_report` tinyint(1) NOT NULL DEFAULT '0',
  `edit_sequence` tinyint(1) NOT NULL DEFAULT '0',
  `created_at` timestamp NULL DEFAULT NULL,
  `updated_at` timestamp NULL DEFAULT NULL,
  PRIMARY KEY (`id`),
  UNIQUE KEY `permits_user_id_unique` (`user_id`),
  CONSTRAINT `permits_user_id_foreign` FOREIGN KEY (`user_id`) REFERENCES `users` (`id`) ON DELETE RESTRICT ON UPDATE CASCADE
) ENGINE=InnoDB AUTO_INCREMENT=2 DEFAULT CHARSET=utf8mb4 COLLATE=utf8mb4_unicode_ci;
/*!40101 SET character_set_client = @saved_cs_client */;

--
-- Dumping data for table `permits`
--

LOCK TABLES `permits` WRITE;
/*!40000 ALTER TABLE `permits` DISABLE KEYS */;
INSERT INTO `permits` VALUES (1,1,1,1,1,1,1,1,1,1,1,NULL,NULL);
/*!40000 ALTER TABLE `permits` ENABLE KEYS */;
UNLOCK TABLES;

--
-- Table structure for table `positions`
--

DROP TABLE IF EXISTS `positions`;
/*!40101 SET @saved_cs_client     = @@character_set_client */;
/*!50503 SET character_set_client = utf8mb4 */;
CREATE TABLE `positions` (
  `id` bigint unsigned NOT NULL AUTO_INCREMENT,
  `name` varchar(255) CHARACTER SET utf8mb4 COLLATE utf8mb4_unicode_ci NOT NULL,
  `created_at` timestamp NULL DEFAULT NULL,
  `updated_at` timestamp NULL DEFAULT NULL,
  PRIMARY KEY (`id`)
) ENGINE=InnoDB AUTO_INCREMENT=1024 DEFAULT CHARSET=utf8mb4 COLLATE=utf8mb4_unicode_ci;
/*!40101 SET character_set_client = @saved_cs_client */;

--
-- Dumping data for table `positions`
--

LOCK TABLES `positions` WRITE;
/*!40000 ALTER TABLE `positions` DISABLE KEYS */;
INSERT INTO `positions` VALUES (1,'ABASTECEDOR',NULL,NULL),(2,'ADMINISTRADOR DE CAMPO',NULL,NULL),(3,'ADMINISTRADOR DE PROYECTO',NULL,NULL),(4,'ADMINISTRATIVO',NULL,NULL),(5,'ADMISNITRATIVO TECNICO',NULL,NULL),(6,'ALBANIL',NULL,NULL),(7,'ANALISTA DE CONTROL DE CALIDAD',NULL,NULL),(8,'ANALISTA DE RRHH',NULL,NULL),(9,'ANALISTA/ AFINES',NULL,NULL),(10,'APAREJADOR',NULL,NULL),(11,'APAREJADOR (SOLO CAMION GRUA)',NULL,NULL),(12,'APAREJADOR CAMION GRUA',NULL,NULL),(13,'APAREJADOR DE CAMION GRUA',NULL,NULL),(14,'APAREJADOR DE GRUA',NULL,NULL),(15,'APAREJADOR GRUA',NULL,NULL),(16,'APAREJADOR GRUA TELESCOPICA',NULL,NULL),(17,'APAREJADOR MULTIPLE',NULL,NULL),(18,'APUNTADOR',NULL,NULL),(19,'ARMADOR',NULL,NULL),(20,'ARQUEOLOGO',NULL,NULL),(21,'ARQUITECTO',NULL,NULL),(22,'ASESOR COMERCIAL',NULL,NULL),(23,'ASESOR TECNICO',NULL,NULL),(24,'ASESORA COMERCIAL',NULL,NULL),(25,'ASFALTERO',NULL,NULL),(26,'ASISTENTE ADMINISTRATIVA ELECTROMECANICA',NULL,NULL),(27,'ASISTENTE ADMINISTRATIVO',NULL,NULL),(28,'ASISTENTE CONTABLE',NULL,NULL),(29,'ASISTENTE CONTROL DE EQUIPOS',NULL,NULL),(30,'ASISTENTE DE CAMPO',NULL,NULL),(31,'ASISTENTE DE GERENTE DE PROYECTO',NULL,NULL),(32,'ASISTENTE DE OBRA',NULL,NULL),(33,'ASISTENTE DE OPERACIONES',NULL,NULL),(34,'ASISTENTE DE OPERADOR',NULL,NULL),(35,'ASISTENTE DE PRODUCCION',NULL,NULL),(36,'ASISTENTE DE RR.HH',NULL,NULL),(37,'ASISTENTE JUNIOR',NULL,NULL),(38,'ASISTENTE LEGAL',NULL,NULL),(39,'ASISTENTE RESIDENTE INGENIERO CIVIL',NULL,NULL),(40,'ASISTENTE SERVICIOS TECNICOS',NULL,NULL),(41,'ASISTENTE SSOMAC',NULL,NULL),(42,'ASISTENTE TECNICO',NULL,NULL),(43,'ASISTENTE TECNICO ADMINISTRATIVO',NULL,NULL),(44,'ASISTENTE TECNICO DE LABORATORIO',NULL,NULL),(45,'ASISTENTE TECNICO DE PATRIMONIO',NULL,NULL),(46,'AUDITOR SEGURIDAD Y SALUD EN EL TRABAJO Y MEDIO AM',NULL,NULL),(47,'AUXILIAR ADMINISTRATIVO',NULL,NULL),(48,'AUXILIAR ADMINISTRATIVO RECURSOS HUMANOS',NULL,NULL),(49,'AUXILIAR CONTABLE',NULL,NULL),(50,'AUXILIAR DE BOMBEO',NULL,NULL),(51,'AUXILIAR DE ENFERMERIA',NULL,NULL),(52,'AUXILIAR DE EVENTOS',NULL,NULL),(53,'AUXILIAR DE PLANTA RMX',NULL,NULL),(54,'AUXILIAR DE PLANTA RMX LABRADOR',NULL,NULL),(55,'AUXILIAR DE PLANTA RMX QUITUMBE',NULL,NULL),(56,'AUXILIAR DE RECURSOS HUMANOS',NULL,NULL),(57,'AUXILIAR DE SEGURIDAD',NULL,NULL),(58,'AUXILIAR DE SERVICIOS GENERALES',NULL,NULL),(59,'AUXILIAR DE SERVICIOS TECNICOS',NULL,NULL),(60,'AUXILIAR DE TELECOMUNICACIONES',NULL,NULL),(61,'AUXILIAR ELECTRICO',NULL,NULL),(62,'AUXILIAR GENERAL/TECNICO ELECTRICISTA',NULL,NULL),(63,'AUXILIAR GENERAL/TECNICO EN MONTAJE',NULL,NULL),(64,'AUXILIAR MECANICO',NULL,NULL),(65,'AUXILIAR SERVICIOS GENERALES',NULL,NULL),(66,'AUXILIAR/ INSTALADOR DE SISTEMAS',NULL,NULL),(67,'AUXLIAR DE SEGURIDAD',NULL,NULL),(68,'AYUDANTE',NULL,NULL),(69,'AYUDANTE DE ALBANILERIA',NULL,NULL),(70,'AYUDANTE DE ARQUEOLOGIA',NULL,NULL),(71,'AYUDANTE DE CAMION GRUA',NULL,NULL),(72,'AYUDANTE DE CAMPO',NULL,NULL),(73,'AYUDANTE DE CAMPO-CHOFER',NULL,NULL),(74,'AYUDANTE DE COCINA',NULL,NULL),(75,'AYUDANTE DE EQUIPO PESADO',NULL,NULL),(76,'AYUDANTE DE ERECTOR',NULL,NULL),(77,'AYUDANTE DE FIERRERO',NULL,NULL),(78,'AYUDANTE DE GRUA',NULL,NULL),(79,'AYUDANTE DE GRUA Y APANTALLADORA',NULL,NULL),(80,'AYUDANTE DE LA CONSTRUCCION',NULL,NULL),(81,'AYUDANTE DE LABORATORIO',NULL,NULL),(82,'AYUDANTE DE LANZADOR (TUBERO)',NULL,NULL),(83,'AYUDANTE DE LINIERO',NULL,NULL),(84,'AYUDANTE DE MANEJO MAQUINARIA',NULL,NULL),(85,'AYUDANTE DE MANTENIMIENTO',NULL,NULL),(86,'AYUDANTE DE MECANICA',NULL,NULL),(87,'AYUDANTE DE MECANICO',NULL,NULL),(88,'AYUDANTE DE MEDIO AMBIENTE',NULL,NULL),(89,'AYUDANTE DE MONTAJE',NULL,NULL),(90,'AYUDANTE DE OBRA',NULL,NULL),(91,'AYUDANTE DE OPERADOR',NULL,NULL),(92,'AYUDANTE DE OPERADOR DE MAQUINARIA',NULL,NULL),(93,'AYUDANTE DE PERFORACION',NULL,NULL),(94,'AYUDANTE DE PLANTA BICOMPONENTE',NULL,NULL),(95,'AYUDANTE DE PRODUCCION',NULL,NULL),(96,'AYUDANTE DE SERVICIOS GENERALES',NULL,NULL),(97,'AYUDANTE DE SOLDADURA',NULL,NULL),(98,'AYUDANTE DE SOSTENIBILIDAD',NULL,NULL),(99,'AYUDANTE DE TOPOGRAFIA',NULL,NULL),(100,'AYUDANTE DEL SECTOR DE METALMECANICA',NULL,NULL),(101,'AYUDANTE DEL SECTOR METALMECANICO',NULL,NULL),(102,'AYUDANTE ELECTROMECANICO',NULL,NULL),(103,'AYUDANTE EQUIPO PESADO',NULL,NULL),(104,'AYUDANTE FIERRERO',NULL,NULL),(105,'AYUDANTE GENERAL',NULL,NULL),(106,'AYUDANTE MECANICO',NULL,NULL),(107,'AYUDANTE MECANICO DE CORTE',NULL,NULL),(108,'AYUDANTE PERFORACION',NULL,NULL),(109,'AYUDANTE PLANTA DE HORMIGON',NULL,NULL),(110,'AYUDANTE POLIFUNCIONAL',NULL,NULL),(111,'AYUDANTE SOLDADOR MONTADOR',NULL,NULL),(112,'AYUDANTE SONDISTA',NULL,NULL),(113,'AYUDANTE SSO',NULL,NULL),(114,'AYUDANTE VULCANIZADOR',NULL,NULL),(115,'AYUNTE DE FIERRERO',NULL,NULL),(116,'BODEGUERO',NULL,NULL),(117,'BODEGUERO II',NULL,NULL),(118,'CADENERO',NULL,NULL),(119,'CADENERO1',NULL,NULL),(120,'CAPATAZ',NULL,NULL),(121,'CAPATAZ ESPECIALIZADO DE EXTERIORES',NULL,NULL),(122,'CAPATAZ ESPECIALIZADO DE TUNEL',NULL,NULL),(123,'CARPINTERO',NULL,NULL),(124,'CARPINTERO - POLIFUNCIONAL',NULL,NULL),(125,'CHEF SUPERVISOR',NULL,NULL),(126,'CHOFER',NULL,NULL),(127,'CHOFER CAMION',NULL,NULL),(128,'CHOFER CAMION GRUA',NULL,NULL),(129,'CHOFER CAMIONES PESADOS',NULL,NULL),(130,'CHOFER CAMIONETA',NULL,NULL),(131,'CHOFER DE AMBULANCIA',NULL,NULL),(132,'CHOFER DE CAMIONETA',NULL,NULL),(133,'CHOFER DE CISTERNA',NULL,NULL),(134,'CHOFER DE GRUA',NULL,NULL),(135,'CHOFER DE HIDROCLEANEAR',NULL,NULL),(136,'CHOFER DE MIXER',NULL,NULL),(137,'CHOFER DE TANQUERO',NULL,NULL),(138,'CHOFER DE VEHICULO LIVIANO',NULL,NULL),(139,'CHOFER DE VEHICULO PESADO',NULL,NULL),(140,'CHOFER DE VOLQUETA',NULL,NULL),(141,'CHOFER OPERADOR GRUA',NULL,NULL),(142,'CHOFER PARA CAMIONES PESADO HASTA 4 Y 5 TONELADAS',NULL,NULL),(143,'CHOFER PROFESIONAL',NULL,NULL),(144,'CHOFER TANQUERO',NULL,NULL),(145,'CHOFER TANQUERO DE IMPREGNACIÓN DE BREA',NULL,NULL),(146,'CHOFER VEHICULOS PESADOS',NULL,NULL),(147,'CHOFER-OPERARIO',NULL,NULL),(148,'CHOFER-TANQUERO DE AGUA',NULL,NULL),(149,'COCINERO',NULL,NULL),(150,'COMPRADOR',NULL,NULL),(151,'CONDUCTOR',NULL,NULL),(152,'CONDUCTOR DE CISTERNA DE AGUA',NULL,NULL),(153,'CONDUCTOR TRAILER LICENCIA TIPO \"E\"',NULL,NULL),(154,'CONDUCTORES DE VEHICULOS Y OPERADORES DE EQUIPOS P',NULL,NULL),(155,'CONTADOR GENERAL',NULL,NULL),(156,'CONTADOR GENERAL-CHOFER',NULL,NULL),(157,'CONTRAMAESTRE ELECTRICO',NULL,NULL),(158,'CONTRAMAESTRE MECANICO',NULL,NULL),(159,'CONTRAMAESTRE TALLER ELECTRICO',NULL,NULL),(160,'COORDINADOR DE CONTABILIDAD',NULL,NULL),(161,'COORDINADOR DE LABORATORIO',NULL,NULL),(162,'COORDINADOR DE LOGISTICA',NULL,NULL),(163,'COORDINADOR DE MANTENIMIENTO MECANICO',NULL,NULL),(164,'COORDINADOR DE OFICINA TECNICA',NULL,NULL),(165,'COORDINADOR DE OPERACIONES',NULL,NULL),(166,'COORDINADOR DE PALANTA DE HORMIGON',NULL,NULL),(167,'COORDINADOR DE PLANEAMIENTO',NULL,NULL),(168,'COORDINADOR DE PLANIFICACION CONTROL Y BIM',NULL,NULL),(169,'COORDINADOR DE PROYECTOS',NULL,NULL),(170,'COORDINADOR DE RELACIONES COMUNITARIAS',NULL,NULL),(171,'COORDINADOR DE SEGURIDAD INDUSTRIAL',NULL,NULL),(172,'COORDINADOR DE SSO',NULL,NULL),(173,'COORDINADOR HESQ',NULL,NULL),(174,'COORDINADOR MEDIO AMBIENTE',NULL,NULL),(175,'COORDINADOR PROYECTO',NULL,NULL),(176,'COORDINADOR SISTEMAS FERROVIARIOS',NULL,NULL),(177,'COORDINADOR TI',NULL,NULL),(178,'COORDINADOR TRATAMIENTO DE TERRENO',NULL,NULL),(179,'COORDINADOR TT HH',NULL,NULL),(180,'COORDINADORA DE MONITOREO',NULL,NULL),(181,'COORDINADORA DE PRODUCCION',NULL,NULL),(182,'COORDINADORA RRHH Y SSL',NULL,NULL),(183,'COORDINADORA TECNICA COMERCIAL',NULL,NULL),(184,'DELEGADO DE VENTAS',NULL,NULL),(185,'DESPACHADOR',NULL,NULL),(186,'DIBUJANTE',NULL,NULL),(187,'DIRECTOR DE MAQUINARIA',NULL,NULL),(188,'DIRECTOR DE PRODUCCION',NULL,NULL),(189,'DIRECTOR DE PROYECTO',NULL,NULL),(190,'DIRECTOR DE SSO',NULL,NULL),(191,'DIRECTOR TECNICO DE PROYECTO',NULL,NULL),(192,'DIRECTORA ADMINISTRATIVA',NULL,NULL),(193,'DOCUMENTATION MANAGER',NULL,NULL),(194,'ELECTRICISTA',NULL,NULL),(195,'ELECTRICISTA FUERZA Y CONTROL',NULL,NULL),(196,'ELECTRICISTA-CHOFER',NULL,NULL),(197,'ElEctrico',NULL,NULL),(198,'ELECTRICO PLC',NULL,NULL),(199,'ELECTRICO TBM',NULL,NULL),(200,'ELECTROMECANICO',NULL,NULL),(201,'ENCARGADO',NULL,NULL),(202,'ENCARGADO DE ABASTECIMIENTO DESPACHO  COMBUSTIBLE',NULL,NULL),(203,'ENCARGADO DE CHOFERES',NULL,NULL),(204,'ENCARGADO DE EXTERIORES',NULL,NULL),(205,'ENCARGADO DE FABRICACION Y MONTAJE',NULL,NULL),(206,'ENCARGADO DE FRENTE DE SERVICIO',NULL,NULL),(207,'ENCARGADO DE MANTENIMIENTO Y SOLDADURA DE DOVELAS',NULL,NULL),(208,'ENCARGADO DE OBRA',NULL,NULL),(209,'ENCARGADO DE OPERACIONES DE EQUIPOS TRACKLESS',NULL,NULL),(210,'ENCARGADO DE PLANTA',NULL,NULL),(211,'ENCARGADO DE PLANTA BICOMPONENTE',NULL,NULL),(212,'ENCARGADO DE SUPERFICIE',NULL,NULL),(213,'ENCARGADO DE TUNEL',NULL,NULL),(214,'ENCARGADO ERECTORISTA I',NULL,NULL),(215,'ENCARGADO ERECTORISTA II',NULL,NULL),(216,'ENCARGADO GENERAL',NULL,NULL),(217,'ENCARGADO GENERAL DE PLANTAS DE HORMIGON',NULL,NULL),(218,'ENCARGADO GRUAS TORRES Y PORTICOS',NULL,NULL),(219,'ENCARGADO MANTENIMIENTO PREVENTIVO DE EQUIPOS',NULL,NULL),(220,'ENCARGADO OPERADOR BOMBA DE AGUA',NULL,NULL),(221,'ENCARGADO TURNO',NULL,NULL),(222,'ENFERMERO',NULL,NULL),(223,'ESMERILADOR',NULL,NULL),(224,'ESPECIALISTA',NULL,NULL),(225,'ESPECIALISTA ADMINISTRADOR',NULL,NULL),(226,'ESPECIALISTA DE CONTROL DE EQUIPOS',NULL,NULL),(227,'ESPECIALISTA DE PROYECTOS TUNEL',NULL,NULL),(228,'ESPECIALISTA GEOTECNICO',NULL,NULL),(229,'ESPECIALISTA JEFE DE TURNO',NULL,NULL),(230,'ESPECIALISTA MECANICA DE CABEZA',NULL,NULL),(231,'ESPECIALISTA OPERADOR DE TBM',NULL,NULL),(232,'ESPECIALISTA OPERADOR DE TBM + JEFE DE TURNO',NULL,NULL),(233,'ESPECIALISTA PEQUENO DIAMETRO',NULL,NULL),(234,'ESPECIALISTA PLANIFICACION',NULL,NULL),(235,'ESPECIALISTA SEGURIDAD EN EL TRABAJO',NULL,NULL),(236,'ESPECIALISTA TRATAMIENTO TERRENO',NULL,NULL),(237,'FIERRERO',NULL,NULL),(238,'FISCALIZADOR',NULL,NULL),(239,'GERENTE',NULL,NULL),(240,'GERENTE / CONSULTORA',NULL,NULL),(241,'GERENTE ADMINISTRATIVA',NULL,NULL),(242,'GERENTE DE INGENIERIA DE PROYECTO',NULL,NULL),(243,'GERENTE DE PROYECTO',NULL,NULL),(244,'GERENTE DE SEGURIDAD Y SALUD AMBIENTAL',NULL,NULL),(245,'GERENTE GENERAL',NULL,NULL),(246,'GERENTE OPERATIVO',NULL,NULL),(247,'GERENTE RECURSOS HUMANOS',NULL,NULL),(248,'GERENTE TECNICO',NULL,NULL),(249,'GERENTE-AFINES',NULL,NULL),(250,'GERENTE-RESPONSABLE SST',NULL,NULL),(251,'GESTOR DE ACREDITACION',NULL,NULL),(252,'GESTOR EN SEGURIDAD Y SALUD',NULL,NULL),(253,'GESTORA DE ACREDITACION MEDICA',NULL,NULL),(254,'GUARDIA DE SEGURIDAD',NULL,NULL),(255,'HORMIGONERO',NULL,NULL),(256,'IMPERMEABILIZADOR',NULL,NULL),(257,'INGENIERA ELECTRICA',NULL,NULL),(258,'INGENIERA ELECTRONICA',NULL,NULL),(259,'INGENIERA GEOLOGA - JEFE DE CAMPO',NULL,NULL),(260,'INGENIERO',NULL,NULL),(261,'INGENIERO AMBIENTAL',NULL,NULL),(262,'INGENIERO CIVIL',NULL,NULL),(263,'INGENIERO DE OBRA',NULL,NULL),(264,'INGENIERO DE PROYECTO',NULL,NULL),(265,'INGENIERO DE PROYECTOS',NULL,NULL),(266,'INGENIERO DE TUNELADORA',NULL,NULL),(267,'INGENIERO ELECTRICO',NULL,NULL),(268,'INGENIERO HIDRAULICO',NULL,NULL),(269,'INGENIERO INSPECTOR',NULL,NULL),(270,'INGENIERO MECANICO',NULL,NULL),(271,'INGENIERO QUIMICO',NULL,NULL),(272,'INGENIERO RESPONSABLE',NULL,NULL),(273,'INSPECTOR',NULL,NULL),(274,'INSPECTOR DE CALIDAD',NULL,NULL),(275,'INSPECTOR DE OBRA',NULL,NULL),(276,'INSPECTOR DE SEGURIDAD',NULL,NULL),(277,'INSPECTOR DE SEGURIDAD INDUSTRIAL',NULL,NULL),(278,'INSPECTOR END',NULL,NULL),(279,'INVENTARIADOR',NULL,NULL),(280,'INYECTOR',NULL,NULL),(281,'JARDINERO',NULL,NULL),(282,'JEFE',NULL,NULL),(283,'JEFE DE AUSCULTACION',NULL,NULL),(284,'JEFE DE CALIDAD DE HORMIGONES',NULL,NULL),(285,'JEFE DE COCINA',NULL,NULL),(286,'JEFE DE INSTALACION',NULL,NULL),(287,'JEFE DE LABORATORIO',NULL,NULL),(288,'JEFE DE MANTENIMIENTO',NULL,NULL),(289,'JEFE DE MANTENIMIENTO DE HORMIGONES',NULL,NULL),(290,'JEFE DE MONTAJE',NULL,NULL),(291,'JEFE DE OBRA',NULL,NULL),(292,'JEFE DE PERSONAL',NULL,NULL),(293,'JEFE DE PLANTA DE HORMIGONES',NULL,NULL),(294,'JEFE DE PLANTA NORTE',NULL,NULL),(295,'JEFE DE PRODUCCION',NULL,NULL),(296,'JEFE DE PROYECTO',NULL,NULL),(297,'JEFE DE RECURSOS HUMANOS',NULL,NULL),(298,'JEFE DE SEGURIDAD',NULL,NULL),(299,'JEFE DE SERVICIO TECNICO',NULL,NULL),(300,'JEFE DE SISTEMA GESTION INTEGRADO',NULL,NULL),(301,'JEFE DE TBM',NULL,NULL),(302,'JEFE DE TURNO',NULL,NULL),(303,'JEFE ELECTRICISTA',NULL,NULL),(304,'JEFE OPERATIVO',NULL,NULL),(305,'JEFE OPERATIVO / INSPECTOR TECNICO',NULL,NULL),(306,'JEFE REGIONAL QUITO',NULL,NULL),(307,'JEFE SEGURIDAD',NULL,NULL),(308,'JEFE TECNICO',NULL,NULL),(309,'LABORATORISTA',NULL,NULL),(310,'LANZADOR DE CONCRETO (TUBERO)',NULL,NULL),(311,'LANZADOR DE HORMIGON',NULL,NULL),(312,'LIDER DE CONTROL DE CALIDAD',NULL,NULL),(313,'LIDER DE CUADRILLA',NULL,NULL),(314,'LIDER DE GRUPO',NULL,NULL),(315,'LINIERO',NULL,NULL),(316,'LOGISTICA',NULL,NULL),(317,'LOGISTICA - RESPONSABLE DE SEGURIDAD',NULL,NULL),(318,'LUBRICADOR',NULL,NULL),(319,'MAESTRO ALBANIL',NULL,NULL),(320,'MAESTRO CARPINTERO',NULL,NULL),(321,'MAESTRO DE OBRA',NULL,NULL),(322,'MAESTRO ELECTRICISTA-LINIERO',NULL,NULL),(323,'MAESTRO ELECTRICO/LINIERO',NULL,NULL),(324,'MAESTRO MAYOR',NULL,NULL),(325,'MAESTRO POLIFUNCIONAL',NULL,NULL),(326,'Mandos',NULL,NULL),(327,'MAQUINISTA',NULL,NULL),(328,'MAQUINISTA (OPERADOR DE TRACK DRILL)',NULL,NULL),(329,'MAQUINISTA PILOTES',NULL,NULL),(330,'MECANICO',NULL,NULL),(331,'MECANICO / MONTADOR',NULL,NULL),(332,'MECANICO CONDUCTOR',NULL,NULL),(333,'MECANICO DE EQUIPO PESADO',NULL,NULL),(334,'MECANICO DE EQUIPOS',NULL,NULL),(335,'MECANICO DE MAQUINARIA A DIESEL',NULL,NULL),(336,'MECANICO DE MONTAJE',NULL,NULL),(337,'MECANICO TBM',NULL,NULL),(338,'MEDICO DE CAMPO',NULL,NULL),(339,'MEDICO GENERAL',NULL,NULL),(340,'MEDICO HIPERBARISTA',NULL,NULL),(341,'MEDICO OCUPACIONAL',NULL,NULL),(342,'METALMECANICO',NULL,NULL),(343,'MONITOR',NULL,NULL),(344,'MONITOR DE ARQUEOLOGIA',NULL,NULL),(345,'MONTADOR',NULL,NULL),(346,'MONTADOR DE ESTRUCTURA',NULL,NULL),(347,'MONTAJISTA',NULL,NULL),(348,'MOTOSIERRISTA',NULL,NULL),(349,'MTECNICO MECANICO',NULL,NULL),(350,'OBRERO',NULL,NULL),(351,'OBRERO ESPECIALIZADO',NULL,NULL),(352,'OFICIAL',NULL,NULL),(353,'OFICIAL DE CAMPAMENTO',NULL,NULL),(354,'OFICIAL DE INSTALACION',NULL,NULL),(355,'OFICIAL MECANICO EXTERIORES',NULL,NULL),(356,'OFICIAL PINTOR ESPECIALISTA',NULL,NULL),(357,'OFICIAL TBM',NULL,NULL),(358,'OP DE EQUIPOS ESPECIALES',NULL,NULL),(359,'OPERACIONAL',NULL,NULL),(360,'OPERADOR',NULL,NULL),(361,'OPERADOR CAMION ELEVADOR EN RIELES',NULL,NULL),(362,'OPERADOR CAMION GRUA',NULL,NULL),(363,'OPERADOR CARGADORA FRONTAL',NULL,NULL),(364,'OPERADOR DE ASTRONAVE',NULL,NULL),(365,'OPERADOR DE BARREDORA',NULL,NULL),(366,'OPERADOR DE BOMBA DE HORMIGON',NULL,NULL),(367,'OPERADOR DE BOMBA HORMIGON',NULL,NULL),(368,'OPERADOR DE BOMBA INYECCION TUNEL',NULL,NULL),(369,'OPERADOR DE BOMBEO',NULL,NULL),(370,'OPERADOR DE BRAZO HIDRAULICO',NULL,NULL),(371,'OPERADOR DE CARGADORA',NULL,NULL),(372,'OPERADOR DE CARGADORA FRONTAL',NULL,NULL),(373,'OPERADOR DE COMPRESOR',NULL,NULL),(374,'OPERADOR DE ELEVADOR',NULL,NULL),(375,'OPERADOR DE ELEVADOR TRUCK SOBRE RIELES',NULL,NULL),(376,'OPERADOR DE EQUIPO DE IZAJE',NULL,NULL),(377,'OPERADOR DE EQUIPO ESPECIALIZADO TRACKLESS',NULL,NULL),(378,'OPERADOR DE EQUIPOS',NULL,NULL),(379,'OPERADOR DE EQUIPOS PESADOS',NULL,NULL),(380,'OPERADOR DE ERECTOR',NULL,NULL),(381,'OPERADOR DE EXCAVADORA',NULL,NULL),(382,'OPERADOR DE EXCAVADORA Y RETROEXCAVADORA',NULL,NULL),(383,'OPERADOR DE GRUA',NULL,NULL),(384,'OPERADOR DE GRUA ESTACIONARIA',NULL,NULL),(385,'OPERADOR DE GRUA PORTICO',NULL,NULL),(386,'OPERADOR DE GRUA TELESCOPIACA',NULL,NULL),(387,'OPERADOR DE GRUA TELESCOPICA',NULL,NULL),(388,'OPERADOR DE GRUA Y A BORDO',NULL,NULL),(389,'OPERADOR DE GRUA Y APANTALLADORA',NULL,NULL),(390,'OPERADOR DE MANLIFT',NULL,NULL),(391,'OPERADOR DE MANTENIMIENTO',NULL,NULL),(392,'OPERADOR DE MAQUINARIA',NULL,NULL),(393,'OPERADOR DE MAQUINARIA - MINICARGADORA',NULL,NULL),(394,'OPERADOR DE MINICARGADORA',NULL,NULL),(395,'OPERADOR DE MONTACARGA',NULL,NULL),(396,'OPERADOR DE MONTACARGAS',NULL,NULL),(397,'OPERADOR DE PLANTA BICOMPONENTE',NULL,NULL),(398,'OPERADOR DE PLANTA RMX',NULL,NULL),(399,'OPERADOR DE PLANTA RMX LABRADOR',NULL,NULL),(400,'OPERADOR DE PLANTA RMX QUITUMBE',NULL,NULL),(401,'OPERADOR DE PUENTE GRUA',NULL,NULL),(402,'OPERADOR DE RETROEXCAVADORA',NULL,NULL),(403,'OPERADOR DE RODILLO NEUMÁTICO',NULL,NULL),(404,'OPERADOR DE TRACTOR',NULL,NULL),(405,'OPERADOR EQUIPO PESADO RMX LABRADOR',NULL,NULL),(406,'OPERADOR EQUIPO PESADO RMX QUITUMBE',NULL,NULL),(407,'OPERADOR EXCAVADORA',NULL,NULL),(408,'OPERADOR EXCAVADORA GRUA',NULL,NULL),(409,'OPERADOR GRUA',NULL,NULL),(410,'OPERADOR GRUA TELESCOPICA',NULL,NULL),(411,'OPERADOR MANTENIMIENTO RMX',NULL,NULL),(412,'OPERADOR MANTENIMIENTO RMX LABRADOR',NULL,NULL),(413,'OPERADOR MANTENIMIENTO RMX QUITUMBE',NULL,NULL),(414,'OPERADOR MAQUINARIA PESADA',NULL,NULL),(415,'OPERADOR MINICARGADORA',NULL,NULL),(416,'OPERADOR MINIEXCAVADORA',NULL,NULL),(417,'OPERADOR MULTIPLE',NULL,NULL),(418,'OPERADOR MULTIPLE MAQUINARIA',NULL,NULL),(419,'OPERADOR PERFORACION',NULL,NULL),(420,'OPERADOR PLANTA BICOMPONENTE',NULL,NULL),(421,'OPERADOR PLANTA HORMIGON',NULL,NULL),(422,'OPERADOR RETROEXCAVADORA',NULL,NULL),(423,'OPERADOR RETROEXCAVADORA/MINICARGADORA',NULL,NULL),(424,'OPERADOR RODILLO',NULL,NULL),(425,'OPERADOR RODILLO DOBLE TAMBOR',NULL,NULL),(426,'OPERADOR RODILLO DOBLE TAMBOR MANUAL',NULL,NULL),(427,'OPERADOR TBM',NULL,NULL),(428,'OPERADOR TERMINADORA DE ASFALTO',NULL,NULL),(429,'OPERADOR-AYUDANTE PERFORACION',NULL,NULL),(430,'OPERADORES',NULL,NULL),(431,'OPERARIO',NULL,NULL),(432,'OPERARIO POLIFUNCIONAL',NULL,NULL),(433,'OPERDOR DE MINI EXCAVADORA',NULL,NULL),(434,'PARAMEDICO',NULL,NULL),(435,'PARCIAL AYUDANTE',NULL,NULL),(436,'PASANTE DE INGENIERIA',NULL,NULL),(437,'PASANTE DE MEDIO AMBIENTE',NULL,NULL),(438,'PASANTE DE RECUROS HUMANOS',NULL,NULL),(439,'PASANTE SSO',NULL,NULL),(440,'PATRONO',NULL,NULL),(441,'PEON',NULL,NULL),(442,'PERFORADOR',NULL,NULL),(443,'PERFORISTA',NULL,NULL),(444,'PILOTO TBM ERECTORISTA',NULL,NULL),(445,'PINTOR',NULL,NULL),(446,'PINTOR-ELECTRICISTA',NULL,NULL),(447,'PLANCHERO',NULL,NULL),(448,'PLANTERO',NULL,NULL),(449,'PLC ELECTRICIAN - AUTOMATISTA',NULL,NULL),(450,'PLOMERO',NULL,NULL),(451,'POLIFUNCIONAL',NULL,NULL),(452,'POSILLERO',NULL,NULL),(453,'PRESIDENTE',NULL,NULL),(454,'PROCURADOR COMUN',NULL,NULL),(455,'PROFESIONAL DE CONTROL TBM',NULL,NULL),(456,'PROFESIONAL DE COSTOS',NULL,NULL),(457,'PROFESIONAL DE MEDIO AMBIENTE',NULL,NULL),(458,'PROFESIONAL DE OFICINA TECNICA',NULL,NULL),(459,'PROFESIONAL DE SEGURIDAD TRABAJO',NULL,NULL),(460,'PROFESIONAL ESPECIALISTA DE ELECTRONICA',NULL,NULL),(461,'PROFESIONAL ESPECIALISTA OFICINA TECNICA',NULL,NULL),(462,'PROFESIONAL ESPECIALIZADO 1',NULL,NULL),(463,'PROFESIONAL ESPECIALIZADO DE TI',NULL,NULL),(464,'PROFESIONAL ESPECIALIZADO PROCUREMENT',NULL,NULL),(465,'PROFESIONAL II DE CONTROL TBM',NULL,NULL),(466,'PROFESIONAL JR OFICINA TECNICA',NULL,NULL),(467,'PROFESIONAL JR PRODUCCION',NULL,NULL),(468,'PROFESIONAL JR SEGURIDAD EN EL TRABAJO',NULL,NULL),(469,'PROFESIONAL JR SUBCONTRATOS',NULL,NULL),(470,'PROJECT MANAGER',NULL,NULL),(471,'PROYECTISTA',NULL,NULL),(472,'PROYECTISTA ELECTRICO',NULL,NULL),(473,'PROYECTISTA SENIOR',NULL,NULL),(474,'PSICOLOGO INDUSTRIAL',NULL,NULL),(475,'RASTRILLERO',NULL,NULL),(476,'RECOLECTOR PODADOR VEGETAL',NULL,NULL),(477,'REPRESENTANTE LEGAL - DIRECTOR TECNICO',NULL,NULL),(478,'RESIDENTE',NULL,NULL),(479,'RESIDENTE DE OBRA',NULL,NULL),(480,'RESPONSABLE BIENESTAR SOCIAL',NULL,NULL),(481,'RESPONSABLE CENTRO DE RESULTADOS CALIDAD',NULL,NULL),(482,'RESPONSABLE CENTRO DE RESULTADOS DE SOSTENIBILIDAD',NULL,NULL),(483,'RESPONSABLE CENTRO DE RESULTADOS LABORATORIO',NULL,NULL),(484,'RESPONSABLE DE ADMINISTRACION CONTRACTUAL',NULL,NULL),(485,'RESPONSABLE DE ARQUITECTURA Y ACABADOS',NULL,NULL),(486,'RESPONSABLE DE CALCULO Y GEOLOGIA',NULL,NULL),(487,'RESPONSABLE DE CALIDAD',NULL,NULL),(488,'RESPONSABLE DE CALIDAD ELECTROMECANICA',NULL,NULL),(489,'RESPONSABLE DE CONTROL TECNICO',NULL,NULL),(490,'RESPONSABLE DE IMPORTACIONES',NULL,NULL),(491,'RESPONSABLE DE MEDIO AMBIENTE',NULL,NULL),(492,'RESPONSABLE DE PLANEAMIENTO',NULL,NULL),(493,'RESPONSABLE DE PLANIFICACION',NULL,NULL),(494,'RESPONSABLE DE PLANTA DOVELAS',NULL,NULL),(495,'RESPONSABLE DE PRODUCCION ESTACIONES',NULL,NULL),(496,'RESPONSABLE DE SALUD EN EL TRABAJO',NULL,NULL),(497,'RESPONSABLE DE SEGURIDAD',NULL,NULL),(498,'RESPONSABLE DE SEGURIDAD Y SALUD OCUPACIONAL',NULL,NULL),(499,'RESPONSABLE DE SELECCION',NULL,NULL),(500,'RESPONSABLE DE SENALIZACION',NULL,NULL),(501,'RESPONSABLE DE SISTEMAS MECANICOS',NULL,NULL),(502,'RESPONSABLE DE SOPORTE TECNICO Y LOGISTICO TMB',NULL,NULL),(503,'RESPONSABLE DE SUBESTACIONES DE ELECTRIFICACION',NULL,NULL),(504,'RESPONSABLE DE TALLER DE CORTADORES',NULL,NULL),(505,'RESPONSABLE DE TALLER INDUSTRIAL',NULL,NULL),(506,'RESPONSABLE DE TRATAMIENTO DE TERRENO',NULL,NULL),(507,'RESPONSABLE DE UTILIDADES',NULL,NULL),(508,'RESPONSABLE II DE PRODUCCION ESTACIONES',NULL,NULL),(509,'RESPONSABLE PRODUCCION',NULL,NULL),(510,'RESPONSABLE PRODUCCION ESTACIONES',NULL,NULL),(511,'RESPONSABLE PRODUCCION TUNEL',NULL,NULL),(512,'RESPONSABLE PROGRAMADOR DE MEDICIONES',NULL,NULL),(513,'RESPONSABLE SEGUIMIENTO BIM',NULL,NULL),(514,'RESPONSABLE SEGURIDAD EN EL TRABAJO',NULL,NULL),(515,'RESPONSABLE SEGURIDAD LABORAL',NULL,NULL),(516,'RESPONSABLE SSO',NULL,NULL),(517,'RESPONSABLES PLANTAS INDUSTRIALES',NULL,NULL),(518,'SECRETARIA EJECUTIVA',NULL,NULL),(519,'SEGURIDAD INDUSTRIAL',NULL,NULL),(520,'SENALIZADOR',NULL,NULL),(521,'SENIOR CONTABLE',NULL,NULL),(522,'SERVICE SUPERVISOR',NULL,NULL),(523,'SERVICIOS GENERALES',NULL,NULL),(524,'SOLDADOR',NULL,NULL),(525,'SOLDADOR ESPECIALIZADO',NULL,NULL),(526,'SOLDADOR MONTADOR',NULL,NULL),(527,'SOLDADOR POLIFUNCIONAL',NULL,NULL),(528,'SONDISTA',NULL,NULL),(529,'SONDISTA AUXILIAR',NULL,NULL),(530,'SOUS CHEF',NULL,NULL),(531,'SUBGERENTE',NULL,NULL),(532,'SUPERINTENDENTE',NULL,NULL),(533,'SUPERINTENDENTE - GERENTE TECNICO',NULL,NULL),(534,'SUPERINTENDENTE DE OBRA',NULL,NULL),(535,'SUPERINTENDENTE DE TUNEL',NULL,NULL),(536,'SUPERVISOR',NULL,NULL),(537,'SUPERVISOR /PRESIDENTE',NULL,NULL),(538,'SUPERVISOR AERO',NULL,NULL),(539,'SUPERVISOR CONTROL AMBIENTAL',NULL,NULL),(540,'SUPERVISOR DE CALIDAD',NULL,NULL),(541,'SUPERVISOR DE CAMPO',NULL,NULL),(542,'SUPERVISOR DE CSA',NULL,NULL),(543,'SUPERVISOR DE MANTENIMIENTO',NULL,NULL),(544,'SUPERVISOR DE MAQUINARIA',NULL,NULL),(545,'SUPERVISOR DE MONTAJE',NULL,NULL),(546,'SUPERVISOR DE OBRA',NULL,NULL),(547,'SUPERVISOR DE OPERACIONES',NULL,NULL),(548,'SUPERVISOR DE PLANTA DE GLP',NULL,NULL),(549,'SUPERVISOR DE PRODUCCION',NULL,NULL),(550,'SUPERVISOR DE SEGURIDAD',NULL,NULL),(551,'SUPERVISOR DE SSO',NULL,NULL),(552,'SUPERVISOR DE TUNELADORA',NULL,NULL),(553,'SUPERVISOR DEDICADO',NULL,NULL),(554,'SUPERVISOR ELECRICISTA PLC',NULL,NULL),(555,'SUPERVISOR ELECTRICO',NULL,NULL),(556,'SUPERVISOR ESPECIALISTA EN ASCENSORES ALIMAK HEK',NULL,NULL),(557,'SUPERVISOR GENERAL',NULL,NULL),(558,'SUPERVISOR GESTION DE CALIDAD',NULL,NULL),(559,'SUPERVISOR HIDRAULICO',NULL,NULL),(560,'SUPERVISOR HSE DE PROYECTO',NULL,NULL),(561,'SUPERVISOR MANTENIMIENTO RMX',NULL,NULL),(562,'SUPERVISOR OBRA',NULL,NULL),(563,'SUPERVISOR OPERACIONES',NULL,NULL),(564,'SUPERVISOR OPERATIVO',NULL,NULL),(565,'SUPERVISOR PERFORACION',NULL,NULL),(566,'SUPERVISOR SSO',NULL,NULL),(567,'SUPERVISOR SSOMA',NULL,NULL),(568,'SUPERVISOR SSOMAC',NULL,NULL),(569,'SUPERVISOR SST',NULL,NULL),(570,'SUPERVISOR TBM',NULL,NULL),(571,'SUPERVISOR TECNICO',NULL,NULL),(572,'SUPERVISOR TECNICO - ELECTRICISTA',NULL,NULL),(573,'SUPERVISOR TECNICO KAESER',NULL,NULL),(574,'SUPERVISOR/VICEP.OPERACIONES',NULL,NULL),(575,'SUPERVISORES DE OBRA',NULL,NULL),(576,'TABLERISTA',NULL,NULL),(577,'TECNCO OPERATIVO',NULL,NULL),(578,'TECNICO',NULL,NULL),(579,'TECNICO ADMINISTRATIVO',NULL,NULL),(580,'TECNICO AMBIENTAL',NULL,NULL),(581,'TECNICO ARCHIVO INGENIERIA',NULL,NULL),(582,'TECNICO AREA ADM CONTRACTUAL',NULL,NULL),(583,'TECNICO AREA ADMINISTRATIVO',NULL,NULL),(584,'TECNICO AREA ARCHIVO INGENIERIA',NULL,NULL),(585,'TECNICO AREA AUSCULTACION',NULL,NULL),(586,'TECNICO AREA BIENESTAR SOCIAL',NULL,NULL),(587,'TECNICO AREA DE CALIDAD',NULL,NULL),(588,'TECNICO AREA DE CONTABILIDAD',NULL,NULL),(589,'TECNICO AREA DE CONTROL DE DOCUMENTACION',NULL,NULL),(590,'TECNICO AREA DE COSTOS',NULL,NULL),(591,'TECNICO AREA DE COTROL DE EQUIPOS',NULL,NULL),(592,'TECNICO AREA DE COTROL DE MATERIALES',NULL,NULL),(593,'TECNICO AREA DE DISENO Y COMUNICACIONES INTERNAS',NULL,NULL),(594,'TECNICO AREA DE ELECTROMECANICA',NULL,NULL),(595,'TECNICO AREA DE IMPORTACIONES',NULL,NULL),(596,'TECNICO AREA DE LABORATORIO',NULL,NULL),(597,'TECNICO AREA DE MEDICIONES',NULL,NULL),(598,'TECNICO AREA DE MEDIO AMBIENTE',NULL,NULL),(599,'TECNICO AREA DE PATRIMONIO',NULL,NULL),(600,'TECNICO AREA DE PLANIFICACION',NULL,NULL),(601,'TECNICO AREA DE PRODUCCION',NULL,NULL),(602,'TECNICO AREA DE RECURSOS HUMANOS',NULL,NULL),(603,'TECNICO AREA DE SEGURIDAD EN EL TRABAJO',NULL,NULL),(604,'TECNICO AREA DE SUBCONTRATOS',NULL,NULL),(605,'TECNICO AREA DE TOPOGRAFIA',NULL,NULL),(606,'TECNICO AREA III DE RECURSOS HUMANOS',NULL,NULL),(607,'TECNICO ASESORIA TECNICO OFICINA',NULL,NULL),(608,'TECNICO COSTOS',NULL,NULL),(609,'TECNICO DE ALMACEN',NULL,NULL),(610,'TECNICO DE AREA DE BIENESTAR SOCIAL',NULL,NULL),(611,'TECNICO DE AREA DE MONITOREO SST',NULL,NULL),(612,'TECNICO DE AREA DE SEGURIDAD EN EL TRABAJO',NULL,NULL),(613,'TECNICO DE AREA DE TI',NULL,NULL),(614,'TECNICO DE AREA ELECTRICA',NULL,NULL),(615,'TECNICO DE AREA I DE SEGURIDAD EN EL TRABAJO',NULL,NULL),(616,'TECNICO DE AREA MECANICO',NULL,NULL),(617,'TECNICO DE AREA SEGUIMIENTO BIM',NULL,NULL),(618,'TECNICO DE AREA SEGURIDAD PATRIMONIAL',NULL,NULL),(619,'TECNICO DE CALIDAD',NULL,NULL),(620,'TECNICO DE CAMPO',NULL,NULL),(621,'TECNICO DE CONTROL TECNOLOGICO',NULL,NULL),(622,'TECNICO DE EQUIPOS PERIFERICOS',NULL,NULL),(623,'TECNICO DE FLOTAS',NULL,NULL),(624,'TECNICO DE LABORATORIO',NULL,NULL),(625,'TECNICO DE MEDICIONES',NULL,NULL),(626,'TECNICO DE MUESTREO',NULL,NULL),(627,'TECNICO DE PRODUCCION',NULL,NULL),(628,'TECNICO DE RELACIONES COMUNITARIAS',NULL,NULL),(629,'TECNICO DE SALUD OCUPACIONAL',NULL,NULL),(630,'TECNICO DE SEGURIDAD',NULL,NULL),(631,'TECNICO DE SEGURIDAD Y SALUD',NULL,NULL),(632,'TECNICO DE SERVICIO KAESER',NULL,NULL),(633,'TECNICO DE TI',NULL,NULL),(634,'TECNICO ELECTRICISTA',NULL,NULL),(635,'TECNICO ELECTRICISTA - CHOFER',NULL,NULL),(636,'TECNICO ELECTRICISTA TBM',NULL,NULL),(637,'TECNICO ELECTRICO',NULL,NULL),(638,'TECNICO ELECTROMECANICO MONTADOR',NULL,NULL),(639,'TECNICO ELECTRONICO',NULL,NULL),(640,'TECNICO EN MONTAJE HV',NULL,NULL),(641,'TECNICO EN OBRAS CIVILES',NULL,NULL),(642,'TECNICO EN SEGURIDAD',NULL,NULL),(643,'TECNICO EN SEGURIDAD Y SALUD OCUPACIONAL',NULL,NULL),(644,'TECNICO ESPECIALISTA ADMINISTRATIVO',NULL,NULL),(645,'TECNICO ESPECIALISTA DE PRODUCCION',NULL,NULL),(646,'TECNICO ESPECIALISTA DE RECURSOS HUMANOS',NULL,NULL),(647,'TECNICO ESPECIALISTA DE SEGURIDAD TRABAJO',NULL,NULL),(648,'TECNICO ESPECIALISTA DE TRATAMIENTO DE TERRENO',NULL,NULL),(649,'TECNICO ESPECIALISTA EN COMPRAS',NULL,NULL),(650,'TECNICO ESPECIALIZADO',NULL,NULL),(651,'TECNICO ESPECIALIZADO 1',NULL,NULL),(652,'TECNICO ESPECIALIZADO CALIDAD',NULL,NULL),(653,'TECNICO ESPECIALIZADO DE CONTABILIDAD',NULL,NULL),(654,'TECNICO ESPECIALIZADO DE EQUIPOS',NULL,NULL),(655,'TECNICO ESPECIALIZADO DE PRODUCCION (DOVELAS)',NULL,NULL),(656,'TECNICO ESPECIALIZADO HIPERBARISTA',NULL,NULL),(657,'TECNICO ESPECIALIZADO I DE INTEGRACION',NULL,NULL),(658,'TECNICO ESPECIALIZADO MEDICIONES ELECTROMECANICA',NULL,NULL),(659,'TECNICO ESPECIALIZADO PEQUENO DIAMETRO',NULL,NULL),(660,'TECNICO ESPECIALIZADO PRODUCCION TBM',NULL,NULL),(661,'TECNICO ESPECIALIZADO SEGUIMIENTO BIM',NULL,NULL),(662,'TECNICO ESPECIALIZADO TOPOGRAFIA',NULL,NULL),(663,'TECNICO FOGMAKER',NULL,NULL),(664,'TECNICO INSTALADOR',NULL,NULL),(665,'TECNICO JR SSO',NULL,NULL),(666,'TECNICO LABORATORIO RMX',NULL,NULL),(667,'TECNICO LABORATORIO RMX LABRADOR',NULL,NULL),(668,'TECNICO LABORATORIO RMX QUITUMBE',NULL,NULL),(669,'TECNICO MAQUINARIA',NULL,NULL),(670,'TECNICO MECANICO',NULL,NULL),(671,'TECNICO MONTADOR',NULL,NULL),(672,'TECNICO MONTAJE MECANICO',NULL,NULL),(673,'TECNICO OBRA CIVIL',NULL,NULL),(674,'TECNICO OPERADOR',NULL,NULL),(675,'TECNICO REDES DE DATO',NULL,NULL),(676,'TECNICO SEGURIDAD',NULL,NULL),(677,'TECNICO SEGURIDAD EN OBRA',NULL,NULL),(678,'TECNICO SEGURIDAD Y SALUD',NULL,NULL),(679,'TECNICO SSO',NULL,NULL),(680,'TECNICO SSOMAC',NULL,NULL),(681,'TECNICO/CHOFER',NULL,NULL),(682,'TESORERO',NULL,NULL),(683,'TOPOGRAFO',NULL,NULL),(684,'TRABAJADOR DE CAMPO',NULL,NULL),(685,'TRABAJADOR EN GENERAL',NULL,NULL),(686,'TRABAJADOR OBRA CIVIL',NULL,NULL),(687,'TRABAJADOR SOCIAL',NULL,NULL),(688,'TRABAJADORA SOCIAL',NULL,NULL),(689,'TUBERO/ BOMBERO',NULL,NULL),(690,'VENDEDOR TECNICO',NULL,NULL);
/*!40000 ALTER TABLE `positions` ENABLE KEYS */;
UNLOCK TABLES;

--
-- Table structure for table `projects`
--

DROP TABLE IF EXISTS `projects`;
/*!40101 SET @saved_cs_client     = @@character_set_client */;
/*!50503 SET character_set_client = utf8mb4 */;
CREATE TABLE `projects` (
  `id` bigint unsigned NOT NULL AUTO_INCREMENT,
  `name` varchar(255) CHARACTER SET utf8mb4 COLLATE utf8mb4_unicode_ci NOT NULL,
  `datestart` datetime NOT NULL,
  `datefinish` datetime NOT NULL,
  `logofilename1` varchar(255) CHARACTER SET utf8mb4 COLLATE utf8mb4_unicode_ci NOT NULL,
  `logofilename2` varchar(255) CHARACTER SET utf8mb4 COLLATE utf8mb4_unicode_ci NOT NULL,
  `logofilename3` varchar(255) CHARACTER SET utf8mb4 COLLATE utf8mb4_unicode_ci NOT NULL,
  `logofilename4` varchar(255) CHARACTER SET utf8mb4 COLLATE utf8mb4_unicode_ci NOT NULL,
  `maxtimeopen` int NOT NULL,
  `maxtimenote` int NOT NULL,
  `maxtimecomment` int NOT NULL,
  `created_at` timestamp NULL DEFAULT NULL,
  `updated_at` timestamp NULL DEFAULT NULL,
  PRIMARY KEY (`id`)
) ENGINE=InnoDB AUTO_INCREMENT=2 DEFAULT CHARSET=utf8mb4 COLLATE=utf8mb4_unicode_ci;
/*!40101 SET character_set_client = @saved_cs_client */;

--
-- Dumping data for table `projects`
--

LOCK TABLES `projects` WRITE;
/*!40000 ALTER TABLE `projects` DISABLE KEYS */;
INSERT INTO `projects` VALUES (1,'EJECUCION DE LA PRIMERA LINEA DEL METRO DE QUITO - FASE II','2016-04-25 00:00:00','2020-10-31 00:00:00','','METROLOGO.PNG','MAC.JPG','LOGO_CONSORCIO.JPG',2160,2160,2160,NULL,NULL);
/*!40000 ALTER TABLE `projects` ENABLE KEYS */;
UNLOCK TABLES;

--
-- Table structure for table `roles`
--

DROP TABLE IF EXISTS `roles`;
/*!40101 SET @saved_cs_client     = @@character_set_client */;
/*!50503 SET character_set_client = utf8mb4 */;
CREATE TABLE `roles` (
  `id` bigint unsigned NOT NULL AUTO_INCREMENT,
  `name` varchar(255) CHARACTER SET utf8mb4 COLLATE utf8mb4_unicode_ci NOT NULL,
  `status` tinyint(1) NOT NULL DEFAULT '1',
  `created_at` timestamp NULL DEFAULT NULL,
  `updated_at` timestamp NULL DEFAULT NULL,
  PRIMARY KEY (`id`)
) ENGINE=InnoDB AUTO_INCREMENT=10 DEFAULT CHARSET=utf8mb4 COLLATE=utf8mb4_unicode_ci;
/*!40101 SET character_set_client = @saved_cs_client */;

--
-- Dumping data for table `roles`
--

LOCK TABLES `roles` WRITE;
/*!40000 ALTER TABLE `roles` DISABLE KEYS */;
INSERT INTO `roles` VALUES (1,'SUPERUSER',1,NULL,NULL),(2,'ADMINISTRADOR',1,'2020-09-25 07:50:33','2020-09-25 07:50:33'),(3,'ENCARGADO',1,NULL,NULL),(4,'FISCALIZADOR',1,NULL,NULL),(5,'RESPONSABLE DE FRENTE',1,NULL,NULL);
/*!40000 ALTER TABLE `roles` ENABLE KEYS */;
UNLOCK TABLES;

--
-- Table structure for table `sectors`
--

DROP TABLE IF EXISTS `sectors`;
/*!40101 SET @saved_cs_client     = @@character_set_client */;
/*!50503 SET character_set_client = utf8mb4 */;
CREATE TABLE `sectors` (
  `id` bigint unsigned NOT NULL AUTO_INCREMENT,
  `name` varchar(255) CHARACTER SET utf8mb4 COLLATE utf8mb4_unicode_ci NOT NULL,
  `created_at` timestamp NULL DEFAULT NULL,
  `updated_at` timestamp NULL DEFAULT NULL,
  PRIMARY KEY (`id`),
  UNIQUE KEY `name_UNIQUE` (`name`)
) ENGINE=InnoDB AUTO_INCREMENT=16 DEFAULT CHARSET=utf8mb4 COLLATE=utf8mb4_unicode_ci;
/*!40101 SET character_set_client = @saved_cs_client */;

--
-- Dumping data for table `sectors`
--

LOCK TABLES `sectors` WRITE;
/*!40000 ALTER TABLE `sectors` DISABLE KEYS */;
INSERT INTO `sectors` VALUES (1,'ADMINISTRACION CONTRACTUAL',NULL,NULL),(2,'CALIDAD & MEDIO AMBIENTE',NULL,NULL),(3,'EXAMPLE SECTOR',NULL,NULL),(4,'INGENIERIA',NULL,NULL),(5,'PRODUCCIÓN',NULL,NULL),(6,'PRODUCCIÓN ESTACIONES',NULL,NULL),(7,'PRODUCCIÓN TBM',NULL,NULL),(8,'TECNOLOGÍA DE LA INFORMACIÓN',NULL,NULL);
/*!40000 ALTER TABLE `sectors` ENABLE KEYS */;
UNLOCK TABLES;

--
-- Table structure for table `users`
--

DROP TABLE IF EXISTS `users`;
/*!40101 SET @saved_cs_client     = @@character_set_client */;
/*!50503 SET character_set_client = utf8mb4 */;
CREATE TABLE `users` (
  `id` bigint unsigned NOT NULL AUTO_INCREMENT,
  `name` varchar(255) CHARACTER SET utf8mb4 COLLATE utf8mb4_unicode_ci NOT NULL,
  `user` varchar(255) CHARACTER SET utf8mb4 COLLATE utf8mb4_unicode_ci NOT NULL,
  `email` varchar(255) CHARACTER SET utf8mb4 COLLATE utf8mb4_unicode_ci NOT NULL,
  `email_verified_at` timestamp NULL DEFAULT NULL,
  `password` varchar(255) CHARACTER SET utf8mb4 COLLATE utf8mb4_unicode_ci NOT NULL,
  `role_id` bigint unsigned NOT NULL,
  `avatar` varchar(255) CHARACTER SET utf8mb4 COLLATE utf8mb4_unicode_ci DEFAULT NULL,
  `status` tinyint(1) NOT NULL DEFAULT '1',
  `remember_token` varchar(100) CHARACTER SET utf8mb4 COLLATE utf8mb4_unicode_ci DEFAULT NULL,
  `created_at` timestamp NULL DEFAULT NULL,
  `updated_at` timestamp NULL DEFAULT NULL,
  PRIMARY KEY (`id`),
  UNIQUE KEY `users_email_unique` (`email`),
  KEY `users_role_id_foreign` (`role_id`),
  CONSTRAINT `users_role_id_foreign` FOREIGN KEY (`role_id`) REFERENCES `roles` (`id`) ON DELETE RESTRICT ON UPDATE CASCADE
) ENGINE=InnoDB AUTO_INCREMENT=217 DEFAULT CHARSET=utf8mb4 COLLATE=utf8mb4_unicode_ci;
/*!40101 SET character_set_client = @saved_cs_client */;

--
-- Dumping data for table `users`
--

LOCK TABLES `users` WRITE;
/*!40000 ALTER TABLE `users` DISABLE KEYS */;
INSERT INTO `users` VALUES (1,'SUPERUSER','superuser','example@email.com',NULL,'$2y$10$mtDVpUjxSXyNoOuBpwAQQuuzHMq/UJhgw31RAJptZUitqKbnOqcyC',1,'avatar.jpg',1,NULL,NULL,NULL),(90,'ALBERTO CANDO','acando','bodega_arbolito@consorciolinea1.com',NULL,'$2y$10$mtDVpUjxSXyNoOuBpwAQQuuzHMq/UJhgw31RAJptZUitqKbnOqcyC',3,NULL,1,NULL,NULL,NULL),(91,'ADRIANO MACEDO','amacedo','amacedo@consorciolinea1.com',NULL,'$2y$10$mtDVpUjxSXyNoOuBpwAQQuuzHMq/UJhgw31RAJptZUitqKbnOqcyC',2,NULL,1,NULL,NULL,NULL),(92,'ANA MARIA BARBELLA','ambarbella','ambarbella@metroalianza.ec',NULL,'$2y$10$mtDVpUjxSXyNoOuBpwAQQuuzHMq/UJhgw31RAJptZUitqKbnOqcyC',4,NULL,1,NULL,NULL,NULL),(93,'ANDRÉS SÁNCHEZ','asanchez','asanchez@consorciolinea1.com',NULL,'$2y$10$mtDVpUjxSXyNoOuBpwAQQuuzHMq/UJhgw31RAJptZUitqKbnOqcyC',3,NULL,1,NULL,NULL,NULL),(94,'CAROL ZURITA','carol','czurita@consorciolinea1.com',NULL,'$2y$10$mtDVpUjxSXyNoOuBpwAQQuuzHMq/UJhgw31RAJptZUitqKbnOqcyC',3,NULL,1,NULL,NULL,NULL),(95,'CARLOS LEMA','celema','celema@metroalianza.ec',NULL,'$2y$10$mtDVpUjxSXyNoOuBpwAQQuuzHMq/UJhgw31RAJptZUitqKbnOqcyC',4,NULL,1,NULL,NULL,NULL),(96,'CHRISTIAN JAEN','cjaen','cjaen@consorciolinea1.com',NULL,'$2y$10$mtDVpUjxSXyNoOuBpwAQQuuzHMq/UJhgw31RAJptZUitqKbnOqcyC',3,NULL,1,NULL,NULL,NULL),(97,'CARLOS MARTINEZ','cmarjuan','cmartinez@consorciolinea1.com',NULL,'$2y$10$mtDVpUjxSXyNoOuBpwAQQuuzHMq/UJhgw31RAJptZUitqKbnOqcyC',3,NULL,1,NULL,NULL,NULL),(98,'CARLOS MARTINEZ JUAN','cmartinez','ejemplo1@email.com',NULL,'$2y$10$mtDVpUjxSXyNoOuBpwAQQuuzHMq/UJhgw31RAJptZUitqKbnOqcyC',3,NULL,1,NULL,NULL,NULL),(99,'CECILIA MINTA','cminta','cminta@consorciolinea1.com',NULL,'$2y$10$mtDVpUjxSXyNoOuBpwAQQuuzHMq/UJhgw31RAJptZUitqKbnOqcyC',3,NULL,1,NULL,NULL,NULL),(100,'CARLOS JIMENEZ','csjimenez','csjimenez@metroalianza.ec',NULL,'$2y$10$mtDVpUjxSXyNoOuBpwAQQuuzHMq/UJhgw31RAJptZUitqKbnOqcyC',4,NULL,1,NULL,NULL,NULL),(101,'DIEGO ENDARA','dendara','jcolina1@consorciolinea1.com',NULL,'$2y$10$mtDVpUjxSXyNoOuBpwAQQuuzHMq/UJhgw31RAJptZUitqKbnOqcyC',3,NULL,1,NULL,NULL,NULL),(102,'DAVID GARZON','dgarzon','dgarzon@metroalianza.ec',NULL,'$2y$10$mtDVpUjxSXyNoOuBpwAQQuuzHMq/UJhgw31RAJptZUitqKbnOqcyC',4,NULL,1,NULL,NULL,NULL),(103,'DIEGO RODRIGO SANTAMARIA','drsantamaria','drsantamaria@metroalianza.ec',NULL,'$2y$10$mtDVpUjxSXyNoOuBpwAQQuuzHMq/UJhgw31RAJptZUitqKbnOqcyC',4,NULL,1,NULL,NULL,NULL),(104,'DIANA SUAREZ','dsuarez','dsuarez@consorciolinea1.com',NULL,'$2y$10$mtDVpUjxSXyNoOuBpwAQQuuzHMq/UJhgw31RAJptZUitqKbnOqcyC',3,NULL,1,NULL,NULL,NULL),(105,'DORIS VILLARREAL','dvillareal','dvillareal@consorciolinea1.com',NULL,'$2y$10$mtDVpUjxSXyNoOuBpwAQQuuzHMq/UJhgw31RAJptZUitqKbnOqcyC',3,NULL,1,NULL,NULL,NULL),(106,'ESTANLI AGUIRRE','eaguirre','econ@hotmail.com',NULL,'$2y$10$mtDVpUjxSXyNoOuBpwAQQuuzHMq/UJhgw31RAJptZUitqKbnOqcyC',3,NULL,1,NULL,NULL,NULL),(107,'ESTEFANY DAYANELL ROMERO','edromero','edromero@metroalianza.ec',NULL,'$2y$10$mtDVpUjxSXyNoOuBpwAQQuuzHMq/UJhgw31RAJptZUitqKbnOqcyC',4,NULL,1,NULL,NULL,NULL),(108,'EDISON GRANJA','egranja','egranja@metroalianza.ec',NULL,'$2y$10$mtDVpUjxSXyNoOuBpwAQQuuzHMq/UJhgw31RAJptZUitqKbnOqcyC',4,NULL,1,NULL,NULL,NULL),(109,'EDWIN RAMON','ejramo','ejramo@metroalianza.ec',NULL,'$2y$10$mtDVpUjxSXyNoOuBpwAQQuuzHMq/UJhgw31RAJptZUitqKbnOqcyC',4,NULL,1,NULL,NULL,NULL),(110,'EDUARDO LASCANO','elascano','elascano@metroalianza.ec',NULL,'$2y$10$mtDVpUjxSXyNoOuBpwAQQuuzHMq/UJhgw31RAJptZUitqKbnOqcyC',4,NULL,1,NULL,NULL,NULL),(111,'FRANCISCO PINZON','fapinzon','fapinzon@metroalianza.ec',NULL,'$2y$10$mtDVpUjxSXyNoOuBpwAQQuuzHMq/UJhgw31RAJptZUitqKbnOqcyC',4,NULL,1,NULL,NULL,NULL),(112,'JAVIER GARCÍA','fgmartin','fgmartin@ayesa.com',NULL,'$2y$10$mtDVpUjxSXyNoOuBpwAQQuuzHMq/UJhgw31RAJptZUitqKbnOqcyC',4,NULL,1,NULL,NULL,NULL),(113,'JAVIER VELASCO','fjvelasco','fjvelasco@ayesa.com',NULL,'$2y$10$mtDVpUjxSXyNoOuBpwAQQuuzHMq/UJhgw31RAJptZUitqKbnOqcyC',4,NULL,1,NULL,NULL,NULL),(114,'FRANKLIN OJEDA','fojeda','fojeda@metroalianza.ec',NULL,'$2y$10$mtDVpUjxSXyNoOuBpwAQQuuzHMq/UJhgw31RAJptZUitqKbnOqcyC',4,NULL,1,NULL,NULL,NULL),(115,'FERNANDO ROMERO','frromero','frromero@metroalianza.ec',NULL,'$2y$10$mtDVpUjxSXyNoOuBpwAQQuuzHMq/UJhgw31RAJptZUitqKbnOqcyC',4,NULL,1,NULL,NULL,NULL),(116,'GABRIELA AYO','gayo','gayo@consorciolinea1.com',NULL,'$2y$10$mtDVpUjxSXyNoOuBpwAQQuuzHMq/UJhgw31RAJptZUitqKbnOqcyC',3,NULL,1,NULL,NULL,NULL),(117,'GLORIA BENAVIDES','gbenavides','gbenavides@consorciolinea1.com',NULL,'$2y$10$mtDVpUjxSXyNoOuBpwAQQuuzHMq/UJhgw31RAJptZUitqKbnOqcyC',3,NULL,1,NULL,NULL,NULL),(118,'GONZALO FONT','gfont1','gfont@consorciolinea1.com',NULL,'$2y$10$mtDVpUjxSXyNoOuBpwAQQuuzHMq/UJhgw31RAJptZUitqKbnOqcyC',5,NULL,1,NULL,NULL,NULL),(119,'GLORIA QUIROZ','gnquiroz','gnquiroz@metroalianza.ec',NULL,'$2y$10$mtDVpUjxSXyNoOuBpwAQQuuzHMq/UJhgw31RAJptZUitqKbnOqcyC',4,NULL,1,NULL,NULL,NULL),(120,'GUILLERMO RODRÍGUEZ','grodmato','grodriguez@consorciolinea1.com',NULL,'$2y$10$mtDVpUjxSXyNoOuBpwAQQuuzHMq/UJhgw31RAJptZUitqKbnOqcyC',5,NULL,1,NULL,NULL,NULL),(121,'GUSTAVO MARIDUEÑA','gustavom','gustavom@consorciolinea1.com',NULL,'$2y$10$mtDVpUjxSXyNoOuBpwAQQuuzHMq/UJhgw31RAJptZUitqKbnOqcyC',5,NULL,1,NULL,NULL,NULL),(122,'IBON GARCÍA','i.garcia','igarcia@consorciolinea1.com',NULL,'$2y$10$mtDVpUjxSXyNoOuBpwAQQuuzHMq/UJhgw31RAJptZUitqKbnOqcyC',5,NULL,1,NULL,NULL,NULL),(123,'IVAN DELGADO','iadelgado','iadelgado@metroalianza.ec',NULL,'$2y$10$mtDVpUjxSXyNoOuBpwAQQuuzHMq/UJhgw31RAJptZUitqKbnOqcyC',4,NULL,1,NULL,NULL,NULL),(124,'IVONNE DELGADO ','Idelgado ','dvivonne@metroalianza.ec',NULL,'$2y$10$mtDVpUjxSXyNoOuBpwAQQuuzHMq/UJhgw31RAJptZUitqKbnOqcyC',4,NULL,1,NULL,NULL,NULL),(125,'JOSÉ CARLOS AGUILAR','jaguilar','jaguilar@consorciolinea1.com',NULL,'$2y$10$mtDVpUjxSXyNoOuBpwAQQuuzHMq/UJhgw31RAJptZUitqKbnOqcyC',5,NULL,1,NULL,NULL,NULL),(126,'JOSE ANTONIO RODRIGUEZ','jarodriguez','jarodriguez1@ayesa.com',NULL,'$2y$10$mtDVpUjxSXyNoOuBpwAQQuuzHMq/UJhgw31RAJptZUitqKbnOqcyC',4,NULL,1,NULL,NULL,NULL),(127,'EQUIVOCADO','jbaluarte','jbbaluarte@metroalianza.ec',NULL,'$2y$10$mtDVpUjxSXyNoOuBpwAQQuuzHMq/UJhgw31RAJptZUitqKbnOqcyC',4,NULL,1,NULL,NULL,NULL),(128,'JOSE BALUARTE','jbbaluarte','ejemplo2@email.com',NULL,'$2y$10$mtDVpUjxSXyNoOuBpwAQQuuzHMq/UJhgw31RAJptZUitqKbnOqcyC',4,NULL,1,NULL,NULL,NULL),(129,'JAIRO BENAVIDES','jbenavides','jbenavides@consorciolinea1.com',NULL,'$2y$10$mtDVpUjxSXyNoOuBpwAQQuuzHMq/UJhgw31RAJptZUitqKbnOqcyC',3,NULL,1,NULL,NULL,NULL),(130,'JENNIFER BUSTE','jbuste','jbuste@consorciolinea1.com',NULL,'$2y$10$mtDVpUjxSXyNoOuBpwAQQuuzHMq/UJhgw31RAJptZUitqKbnOqcyC',3,NULL,1,NULL,NULL,NULL),(131,'JOSE PABLO CASTRO','jcastro','jcastro@consorciolinea1.com',NULL,'$2y$10$mtDVpUjxSXyNoOuBpwAQQuuzHMq/UJhgw31RAJptZUitqKbnOqcyC',5,NULL,1,NULL,NULL,NULL),(132,'JOHAN COLINA','jcolina','jcolina@consorciolinea1.com',NULL,'$2y$10$mtDVpUjxSXyNoOuBpwAQQuuzHMq/UJhgw31RAJptZUitqKbnOqcyC',3,NULL,1,NULL,NULL,NULL),(133,'JOSE MARIA CREUS','jcreus','jcreus@consorciolinea1.com',NULL,'$2y$10$mtDVpUjxSXyNoOuBpwAQQuuzHMq/UJhgw31RAJptZUitqKbnOqcyC',5,NULL,1,NULL,NULL,NULL),(134,'JUAN ITURBE','jeiturbe','jeiturbe@metroalianza.ec',NULL,'$2y$10$mtDVpUjxSXyNoOuBpwAQQuuzHMq/UJhgw31RAJptZUitqKbnOqcyC',4,NULL,1,NULL,NULL,NULL),(135,'JESSICA ESTRELLA','jestrella','jestrella@consorciolinea1.com',NULL,'$2y$10$mtDVpUjxSXyNoOuBpwAQQuuzHMq/UJhgw31RAJptZUitqKbnOqcyC',2,NULL,1,NULL,NULL,NULL),(136,'JONATHAN GARCIA','jgarciag','jgarciag@consorciolinea1.com',NULL,'$2y$10$mtDVpUjxSXyNoOuBpwAQQuuzHMq/UJhgw31RAJptZUitqKbnOqcyC',3,NULL,1,NULL,NULL,NULL),(137,'JESUS GONZÁLEZ','jgonzalezl','jgonzalez@consorciolinea1.com',NULL,'$2y$10$mtDVpUjxSXyNoOuBpwAQQuuzHMq/UJhgw31RAJptZUitqKbnOqcyC',5,NULL,1,NULL,NULL,NULL),(138,'JORGE LOOR','jloor','jloor@metroalianza.ec',NULL,'$2y$10$mtDVpUjxSXyNoOuBpwAQQuuzHMq/UJhgw31RAJptZUitqKbnOqcyC',4,NULL,1,NULL,NULL,NULL),(139,'JORDI ORTIZ','jortizl','jortiz@consorciolinea1.com',NULL,'$2y$10$mtDVpUjxSXyNoOuBpwAQQuuzHMq/UJhgw31RAJptZUitqKbnOqcyC',5,NULL,1,NULL,NULL,NULL),(140,'JAVIER PERALTA','jperalta','bodega_p9@consorciolinea1.com',NULL,'$2y$10$mtDVpUjxSXyNoOuBpwAQQuuzHMq/UJhgw31RAJptZUitqKbnOqcyC',3,NULL,1,NULL,NULL,NULL),(141,'JOSE REINA','jreina','jreina@ayesa.com',NULL,'$2y$10$mtDVpUjxSXyNoOuBpwAQQuuzHMq/UJhgw31RAJptZUitqKbnOqcyC',4,NULL,1,NULL,NULL,NULL),(142,'JOSE RODRIGUEZ','jrodriguez','jarodriguez@ayesa.com',NULL,'$2y$10$mtDVpUjxSXyNoOuBpwAQQuuzHMq/UJhgw31RAJptZUitqKbnOqcyC',4,NULL,1,NULL,NULL,NULL),(143,'LUIS CANDO','lcando','vcando@consorciolinea1.com',NULL,'$2y$10$mtDVpUjxSXyNoOuBpwAQQuuzHMq/UJhgw31RAJptZUitqKbnOqcyC',3,NULL,1,NULL,NULL,NULL),(144,'LUIS CHALA','lchala','lchala@consorciolinea1.com',NULL,'$2y$10$mtDVpUjxSXyNoOuBpwAQQuuzHMq/UJhgw31RAJptZUitqKbnOqcyC',3,NULL,1,NULL,NULL,NULL),(145,'LEONARDO LUSURIAGA','ldlusuriaga','ldlusuriaga@metroalianza.ec',NULL,'$2y$10$mtDVpUjxSXyNoOuBpwAQQuuzHMq/UJhgw31RAJptZUitqKbnOqcyC',4,NULL,1,NULL,NULL,NULL),(146,'LUIS MENDEZ','lmendez','lmendez@consorciolinea1.com',NULL,'$2y$10$mtDVpUjxSXyNoOuBpwAQQuuzHMq/UJhgw31RAJptZUitqKbnOqcyC',5,NULL,1,NULL,NULL,NULL),(147,'DANIEL PILACUAN','lpilacuan','bodega_inaq@consorciolinea1.com',NULL,'$2y$10$mtDVpUjxSXyNoOuBpwAQQuuzHMq/UJhgw31RAJptZUitqKbnOqcyC',3,NULL,1,NULL,NULL,NULL),(148,'LISSETTE REQUENA','lrequena','lrequena@consorciolinea1.com',NULL,'$2y$10$mtDVpUjxSXyNoOuBpwAQQuuzHMq/UJhgw31RAJptZUitqKbnOqcyC',3,NULL,1,NULL,NULL,NULL),(149,'LEONARDO ROBLES','lrobles','lrobles@consorciolinea1.com',NULL,'$2y$10$mtDVpUjxSXyNoOuBpwAQQuuzHMq/UJhgw31RAJptZUitqKbnOqcyC',3,NULL,1,NULL,NULL,NULL),(150,'EQUIVOCADO LOLY RODRIGUEZ','lrodiguez','ejemplo3@email.com',NULL,'$2y$10$mtDVpUjxSXyNoOuBpwAQQuuzHMq/UJhgw31RAJptZUitqKbnOqcyC',3,NULL,1,NULL,NULL,NULL),(151,'LOLY RODRIGUEZ','lrodriguez','lrodriguez@consorciolinea1.com',NULL,'$2y$10$mtDVpUjxSXyNoOuBpwAQQuuzHMq/UJhgw31RAJptZUitqKbnOqcyC',3,NULL,1,NULL,NULL,NULL),(152,'MC','mcifuentes','mcifuentes@consorciolinea1.com',NULL,'$2y$10$mtDVpUjxSXyNoOuBpwAQQuuzHMq/UJhgw31RAJptZUitqKbnOqcyC',2,NULL,1,NULL,NULL,NULL),(153,'MAIDELYN FERNANDEZ','mfernandez','mfernandez@consorciolinea1.com',NULL,'$2y$10$mtDVpUjxSXyNoOuBpwAQQuuzHMq/UJhgw31RAJptZUitqKbnOqcyC',3,NULL,1,NULL,NULL,NULL),(154,'MILTON FREIRE','mfreire','bodega_arbolito1@consorciolinea1.com',NULL,'$2y$10$mtDVpUjxSXyNoOuBpwAQQuuzHMq/UJhgw31RAJptZUitqKbnOqcyC',3,NULL,1,NULL,NULL,NULL),(155,'MARIO MARÍN','mmarinm','mmarin@consorciolinea1.com',NULL,'$2y$10$mtDVpUjxSXyNoOuBpwAQQuuzHMq/UJhgw31RAJptZUitqKbnOqcyC',5,NULL,1,NULL,NULL,NULL),(156,'MARIA JOSE TRUJILLO','mtrujillo','mtrujillo@consorciolinea1.com',NULL,'$2y$10$mtDVpUjxSXyNoOuBpwAQQuuzHMq/UJhgw31RAJptZUitqKbnOqcyC',3,NULL,1,NULL,NULL,NULL),(157,'MIKE VASALLO','mvasallo','mvasallo@consorciolinea1.com',NULL,'$2y$10$mtDVpUjxSXyNoOuBpwAQQuuzHMq/UJhgw31RAJptZUitqKbnOqcyC',5,NULL,1,NULL,NULL,NULL),(158,'MAURICIO ORTIZ','mxortiza','mxortiza@metroalianza.ec',NULL,'$2y$10$mtDVpUjxSXyNoOuBpwAQQuuzHMq/UJhgw31RAJptZUitqKbnOqcyC',4,NULL,1,NULL,NULL,NULL),(159,'NICOLÁS BONILLA','nbonilla1','nbonilla@consorciolinea1.com',NULL,'$2y$10$mtDVpUjxSXyNoOuBpwAQQuuzHMq/UJhgw31RAJptZUitqKbnOqcyC',5,NULL,1,NULL,NULL,NULL),(160,'NELSON CHIMBORAZO','nchimborazo','nchimborazo@metroalianza.ec',NULL,'$2y$10$mtDVpUjxSXyNoOuBpwAQQuuzHMq/UJhgw31RAJptZUitqKbnOqcyC',4,NULL,1,NULL,NULL,NULL),(161,'NATASCHA HERNANDEZ','nhernandez','nmhernandez@consorciolinea1.com',NULL,'$2y$10$mtDVpUjxSXyNoOuBpwAQQuuzHMq/UJhgw31RAJptZUitqKbnOqcyC',3,NULL,1,NULL,NULL,NULL),(162,'NELSON CHIMBORAZO','nrchimborazo','nrchimborazo@metroalianza.ec',NULL,'$2y$10$mtDVpUjxSXyNoOuBpwAQQuuzHMq/UJhgw31RAJptZUitqKbnOqcyC',4,NULL,1,NULL,NULL,NULL),(163,'OSWALDO PERALTA','operalta','operalta@consorciolinea1.com',NULL,'$2y$10$mtDVpUjxSXyNoOuBpwAQQuuzHMq/UJhgw31RAJptZUitqKbnOqcyC',3,NULL,1,NULL,NULL,NULL),(164,'PEDRO ARAGUNDI','paragundi','paragundi@consorciolinea1.com',NULL,'$2y$10$mtDVpUjxSXyNoOuBpwAQQuuzHMq/UJhgw31RAJptZUitqKbnOqcyC',3,NULL,1,NULL,NULL,NULL),(165,'PAOLA GARCÍA','pgarcia','pgarcia@consorciolinea1.com',NULL,'$2y$10$mtDVpUjxSXyNoOuBpwAQQuuzHMq/UJhgw31RAJptZUitqKbnOqcyC',3,NULL,1,NULL,NULL,NULL),(166,'PATRICIO JARAMILLO','pjaramillo','pjaramillo@consorciolinea1.com',NULL,'$2y$10$mtDVpUjxSXyNoOuBpwAQQuuzHMq/UJhgw31RAJptZUitqKbnOqcyC',3,NULL,1,NULL,NULL,NULL),(167,'PATRICIO POTOSI','ppotosi','bodega_jipijapa@consorciolinea1.com',NULL,'$2y$10$mtDVpUjxSXyNoOuBpwAQQuuzHMq/UJhgw31RAJptZUitqKbnOqcyC',3,NULL,1,NULL,NULL,NULL),(168,'RAQUEL BETANCOURT','rbetancourt','rbetancourt@consorciolinea1.com',NULL,'$2y$10$mtDVpUjxSXyNoOuBpwAQQuuzHMq/UJhgw31RAJptZUitqKbnOqcyC',3,NULL,1,NULL,NULL,NULL),(169,'SUPERUSUARIO','root','abdonc@consorciolinea1.com',NULL,'$2y$10$mtDVpUjxSXyNoOuBpwAQQuuzHMq/UJhgw31RAJptZUitqKbnOqcyC',1,NULL,1,NULL,NULL,NULL),(170,'ROBERTO PÉREZ','rperez','rperez@consorciolinea1.com',NULL,'$2y$10$mtDVpUjxSXyNoOuBpwAQQuuzHMq/UJhgw31RAJptZUitqKbnOqcyC',3,NULL,1,NULL,NULL,NULL),(171,'RAQUEL PROAÑO','rproano','mproano@consorciolinea1.com',NULL,'$2y$10$mtDVpUjxSXyNoOuBpwAQQuuzHMq/UJhgw31RAJptZUitqKbnOqcyC',3,NULL,1,NULL,NULL,NULL),(172,'ROBERTO TACO','rtaco','btaco@consorciolinea1.com',NULL,'$2y$10$mtDVpUjxSXyNoOuBpwAQQuuzHMq/UJhgw31RAJptZUitqKbnOqcyC',2,NULL,1,NULL,NULL,NULL),(173,'SONIA ESPINOSA','sespinosa','sespinosa@consorciolinea1.com',NULL,'$2y$10$mtDVpUjxSXyNoOuBpwAQQuuzHMq/UJhgw31RAJptZUitqKbnOqcyC',3,NULL,1,NULL,NULL,NULL),(174,'STEFANIA GARCIA ','sgarcia','stefaniagarcia@consorciolinea1.com',NULL,'$2y$10$mtDVpUjxSXyNoOuBpwAQQuuzHMq/UJhgw31RAJptZUitqKbnOqcyC',2,NULL,1,NULL,NULL,NULL),(175,'SILVANO MENEGUELLI','smeneguelli','smeneguelli@consorciolinea1.com',NULL,'$2y$10$mtDVpUjxSXyNoOuBpwAQQuuzHMq/UJhgw31RAJptZUitqKbnOqcyC',3,NULL,1,NULL,NULL,NULL),(176,'SERGIO DEL RÍO','sriosantamaria','sdelrio@consorciolinea1.com',NULL,'$2y$10$mtDVpUjxSXyNoOuBpwAQQuuzHMq/UJhgw31RAJptZUitqKbnOqcyC',5,NULL,1,NULL,NULL,NULL),(177,'VICTORIA ACACIO','vacacio','vacacio@consorciolinea1.com',NULL,'$2y$10$mtDVpUjxSXyNoOuBpwAQQuuzHMq/UJhgw31RAJptZUitqKbnOqcyC',3,NULL,1,NULL,NULL,NULL),(178,'VERONICA LLORE','vllore','vjllore@metroalianza.ec',NULL,'$2y$10$mtDVpUjxSXyNoOuBpwAQQuuzHMq/UJhgw31RAJptZUitqKbnOqcyC',4,NULL,1,NULL,NULL,NULL),(179,'WILLIAM CAGUANA','wcaguana','wcaguana@consorciolinea1.com',NULL,'$2y$10$mtDVpUjxSXyNoOuBpwAQQuuzHMq/UJhgw31RAJptZUitqKbnOqcyC',3,NULL,1,NULL,NULL,NULL),(180,'WALTER GUILLEN','wguillen','wguillen@consorciolinea1.com',NULL,'$2y$10$mtDVpUjxSXyNoOuBpwAQQuuzHMq/UJhgw31RAJptZUitqKbnOqcyC',3,NULL,1,NULL,NULL,NULL),(181,'WENDY NOLE','wnole','wnole@consorciolinea1.com',NULL,'$2y$10$mtDVpUjxSXyNoOuBpwAQQuuzHMq/UJhgw31RAJptZUitqKbnOqcyC',3,NULL,1,NULL,NULL,NULL),(182,'WILTON SANCHEZ','wsanchez','wsanchez@consorciolinea1.com',NULL,'$2y$10$mtDVpUjxSXyNoOuBpwAQQuuzHMq/UJhgw31RAJptZUitqKbnOqcyC',3,NULL,1,NULL,NULL,NULL),(183,'XAVIER CHACON','xchacon','xchacon@consorciolinea1.com',NULL,'$2y$10$mtDVpUjxSXyNoOuBpwAQQuuzHMq/UJhgw31RAJptZUitqKbnOqcyC',3,NULL,1,NULL,NULL,NULL);
/*!40000 ALTER TABLE `users` ENABLE KEYS */;
UNLOCK TABLES;
/*!40103 SET TIME_ZONE=@OLD_TIME_ZONE */;

/*!40101 SET SQL_MODE=@OLD_SQL_MODE */;
/*!40014 SET FOREIGN_KEY_CHECKS=@OLD_FOREIGN_KEY_CHECKS */;
/*!40014 SET UNIQUE_CHECKS=@OLD_UNIQUE_CHECKS */;
/*!40101 SET CHARACTER_SET_CLIENT=@OLD_CHARACTER_SET_CLIENT */;
/*!40101 SET CHARACTER_SET_RESULTS=@OLD_CHARACTER_SET_RESULTS */;
/*!40101 SET COLLATION_CONNECTION=@OLD_COLLATION_CONNECTION */;
/*!40111 SET SQL_NOTES=@OLD_SQL_NOTES */;

-- Dump completed on 2020-09-27 23:04:54
